href,ID,Arthur the Rat,mp4 URL
https://search.library.wisc.edu/digital/AYBD2XRDI33YIM83,KS007,Yes,https://asset.library.wisc.edu/1711.dl/DYIFRXLCFRRLF8L/M/b128-b5b6d.mp4
https://search.library.wisc.edu/digital/AYBHJ3E4LFMW728P,NY037,Yes,https://asset.library.wisc.edu/1711.dl/IXMVN5OYOQ4IL8T/M/b128-b6fbd.mp4
https://search.library.wisc.edu/digital/AYCIXNSVAKPKXS85,NY199,Yes,https://asset.library.wisc.edu/1711.dl/WHVXG5SD6PC4Q8O/M/b128-e2d1c.mp4
https://search.library.wisc.edu/digital/AYE3CKWZWNC55H9A,OH001,Yes,https://asset.library.wisc.edu/1711.dl/A57GD2NYWYHNG8J/M/b128-157d6.mp4
https://search.library.wisc.edu/digital/AYEJUTR6TLYYVT8Y,VA104,Yes,https://asset.library.wisc.edu/1711.dl/4RFCG7QK4263L82/M/b128-0894c.mp4
https://search.library.wisc.edu/digital/AYGP2C6L7VVQ738A,TN046,Yes,https://asset.library.wisc.edu/1711.dl/V7DAL7QTLOJSJ8K/M/b128-4bc35.mp4
https://search.library.wisc.edu/digital/AYJABHZQSBALZO82,FL044,No,None
https://search.library.wisc.edu/digital/AYJNDFOBCH7DN28P,PA248,Yes,https://asset.library.wisc.edu/1711.dl/SF7AZ4TFRI5ZI82/M/b128-b0dad.mp4
https://search.library.wisc.edu/digital/AYKDWHMLFNDBS28E,PA202,Yes,https://asset.library.wisc.edu/1711.dl/2HCTP4GS2JGCZ9A/M/b128-60841.mp4
https://search.library.wisc.edu/digital/AWEMLA3WSDFUP28Q,MA096,No,None
https://search.library.wisc.edu/digital/AWEPHBP2HUYQLU8S,WV007,Yes,https://asset.library.wisc.edu/1711.dl/XDEXG7DE3EOTH8L/M/b128-906b2.mp4
https://search.library.wisc.edu/digital/AWFJXS7RDXG5LF8V,RI014,Yes,https://asset.library.wisc.edu/1711.dl/ZBJSZ6A3U5G7U8C/M/b128-b6a66.mp4
https://search.library.wisc.edu/digital/AWFYRWZIHZGUH78T,CA006,Yes,https://asset.library.wisc.edu/1711.dl/YCFUYMWLSDB5N8T/M/b128-314af.mp4
https://search.library.wisc.edu/digital/AWGFRAESHROLRX8T,FL010,Yes,https://asset.library.wisc.edu/1711.dl/33L2RFJMC34AD8R/M/b128-a21f6.mp4
https://search.library.wisc.edu/digital/AWGOW3Y2YJJC728S,TX043,Yes,https://asset.library.wisc.edu/1711.dl/GZXGVNNKSWE6783/M/b128-fa4b1.mp4
https://search.library.wisc.edu/digital/AWGZQO3VEFF5DH8P,NY108,Yes,https://asset.library.wisc.edu/1711.dl/5MJX7HVROGZZL8C/M/b128-33cb1.mp4
https://search.library.wisc.edu/digital/AWHCVPT6V22ATJ8P,TX010,Yes,https://asset.library.wisc.edu/1711.dl/CPRBCL5EDCMIH8Y/M/b128-8c2d2.mp4
https://search.library.wisc.edu/digital/AWHF3SZ6B2STVX8P,TX040,Yes,https://asset.library.wisc.edu/1711.dl/IHJCJ5AENLWQX8K/M/b128-3088e.mp4
https://search.library.wisc.edu/digital/AWHI25Y34LRS268A,IA041,Yes,https://asset.library.wisc.edu/1711.dl/VUQ2Z2WBWYN2Z8Y/M/b128-396ad.mp4
https://search.library.wisc.edu/digital/AWIAYP2YNH5LKU8L,MI014,Yes,https://asset.library.wisc.edu/1711.dl/IR6AE6MWRCZKX8Q/M/b128-dcf63.mp4
https://search.library.wisc.edu/digital/AWIFYUMQFZ6XSH8E,DE003,Yes,https://asset.library.wisc.edu/1711.dl/IKWIGJK7XVREA9B/M/b128-7b837.mp4
https://search.library.wisc.edu/digital/AWIPZUEWO3QUZM8Y,IN066,Yes,https://asset.library.wisc.edu/1711.dl/PJESKWY43UNLH8U/M/b128-abbbb.mp4
https://search.library.wisc.edu/digital/AWITMJAYBW24QN8L,VT016C,No,None
https://search.library.wisc.edu/digital/AWJ3NLOISSVMDP82,MD031,Yes,https://asset.library.wisc.edu/1711.dl/Z7AV2LF2BL64C8P/M/b128-b23cd.mp4
https://search.library.wisc.edu/digital/AWJNJID2BXSWJT8P,WY002,Yes,https://asset.library.wisc.edu/1711.dl/ZAFUCST4REDYM8H/M/b128-2d311.mp4
https://search.library.wisc.edu/digital/AWJSZAAP5OBQL28S,MA103,Yes,https://asset.library.wisc.edu/1711.dl/KWUAZ3LKMYYKF8X/M/b128-81ca3.mp4
https://search.library.wisc.edu/digital/AWK5ONV37VSHKM8S,NC016,Yes,https://asset.library.wisc.edu/1711.dl/I4BIO27BP6F248O/M/b128-9a187.mp4
https://search.library.wisc.edu/digital/AWKGRSEJUVCKC68O,PA199,Yes,https://asset.library.wisc.edu/1711.dl/OFLGHEU6QLY4V8T/M/b128-cead2.mp4
https://search.library.wisc.edu/digital/AWKJP7YN4TE5KQ8K,MO014,Yes,https://asset.library.wisc.edu/1711.dl/UWKNT6PY77PZB8J/M/b128-cb418.mp4
https://search.library.wisc.edu/digital/AWLQX6UQRV3BP28Z,CT036,Yes,https://asset.library.wisc.edu/1711.dl/W2ZJQUNRPCXSX8S/M/b128-94ead.mp4
https://search.library.wisc.edu/digital/AWLZNFHFK6G4NR9E,WV001,Yes,https://asset.library.wisc.edu/1711.dl/5AUBPSGLI5Q7L8Q/M/b128-a6223.mp4
https://search.library.wisc.edu/digital/AWM5QC72RX3OOJ9E,NY114,Yes,https://asset.library.wisc.edu/1711.dl/XU2ROQS6AZLXP85/M/b128-f0d15.mp4
https://search.library.wisc.edu/digital/AWMAOJYOM5253A8V,CA127,Yes,https://asset.library.wisc.edu/1711.dl/6CRPUY257HRYL87/M/b128-76f3e.mp4
https://search.library.wisc.edu/digital/AWMIG5GECDNEZF9C,MD025,Yes,https://asset.library.wisc.edu/1711.dl/XHA7F5RI6IQRQ8B/M/b128-54763.mp4
https://search.library.wisc.edu/digital/AWMYTZGCMB2LRS9D,NY066,Yes,https://asset.library.wisc.edu/1711.dl/HX5KPEHXRIT678P/M/b128-4e55b.mp4
https://search.library.wisc.edu/digital/AWNBES5U32X4JP8X,PA165,Yes,https://asset.library.wisc.edu/1711.dl/UADQUGHVBADND8R/M/b128-3e841.mp4
https://search.library.wisc.edu/digital/AWNC2ZPHFKEKFI8P,NY075,Yes,https://asset.library.wisc.edu/1711.dl/MCEPLENIJPVW78I/M/b128-57d0e.mp4
https://search.library.wisc.edu/digital/AWNDLE3TKOCNFW8V,VA009,No,None
https://search.library.wisc.edu/digital/AWNLBQ2GYDHB2U8O,LA010,Yes,https://asset.library.wisc.edu/1711.dl/HWOHAMBT2K5PB8O/M/b128-77e57.mp4
https://search.library.wisc.edu/digital/AWNXXKRP5N6QSX86,MA001,Yes,https://asset.library.wisc.edu/1711.dl/OGNVUC3EP2UYY9A/M/b128-daeb4.mp4
https://search.library.wisc.edu/digital/AXDCT6LTXLARH39B,MI121,Yes,https://asset.library.wisc.edu/1711.dl/BWVNWPAPSS6UU8Y/M/b128-63071.mp4
https://search.library.wisc.edu/digital/AXDMKT2PZ7AYFH8X,MD023,Yes,https://asset.library.wisc.edu/1711.dl/2RBYJKQ2PZGOV9B/M/b128-a5fc5.mp4
https://search.library.wisc.edu/digital/AXEKOIL7INL6PY9E,PA005,Yes,https://asset.library.wisc.edu/1711.dl/DEFVWH6SXVCW587/M/b128-3c4d9.mp4
https://search.library.wisc.edu/digital/AXEYGPK2VXDHNI8C,TX049,No,None
https://search.library.wisc.edu/digital/AXF56VXXPCXHUY8N,PA104,Yes,https://asset.library.wisc.edu/1711.dl/CFJUDK7H5VBFI8D/M/b128-bf911.mp4
https://search.library.wisc.edu/digital/AXFHTGJEMUKCCQ8V,IL058,Yes,https://asset.library.wisc.edu/1711.dl/ISZNAWUHGJOBU9B/M/b128-50b44.mp4
https://search.library.wisc.edu/digital/AXFLNEGNW3OZLZ8C,WI050,Yes,https://asset.library.wisc.edu/1711.dl/JRWRP6YDWUXFH8U/M/b128-75817.mp4
https://search.library.wisc.edu/digital/AXFOECJRXST7IH8G,GA084,Yes,https://asset.library.wisc.edu/1711.dl/CD5HTYSEUT3WQ87/M/b128-6bd21.mp4
https://search.library.wisc.edu/digital/AXFZO5QWTN2ZO58V,IA047,Yes,https://asset.library.wisc.edu/1711.dl/Z3NS76ZBLORXK8X/M/b128-c5a1a.mp4
https://search.library.wisc.edu/digital/AXGGB25RRPPJVK8N,TN003,Yes,https://asset.library.wisc.edu/1711.dl/J77EQ6YJ66K7P8D/M/b128-df41a.mp4
https://search.library.wisc.edu/digital/AXGIXGKO63M3H78Y,MS081,Yes,https://asset.library.wisc.edu/1711.dl/P5NKFYKAHDW538T/M/b128-fa955.mp4
https://search.library.wisc.edu/digital/AXIJOEQFNQ2XHL8D,NY246,Yes,https://asset.library.wisc.edu/1711.dl/QAMQZNWO3IRAH8C/M/b128-97f5f.mp4
https://search.library.wisc.edu/digital/AXJVF4C6A623RL9A,IL038,Yes,https://asset.library.wisc.edu/1711.dl/HB3SHCKKTB4ZV8P/M/b128-16d1d.mp4
https://search.library.wisc.edu/digital/AXJZMGKVMEXUEZ8Y,TX036,Yes,https://asset.library.wisc.edu/1711.dl/SFBI6IE2XY2AH82/M/b128-ac3dc.mp4
https://search.library.wisc.edu/digital/AXKUPLVGDPYAWW8D,SC067,Yes,https://asset.library.wisc.edu/1711.dl/F7HNNLPMD2AT286/M/b128-06a06.mp4
https://search.library.wisc.edu/digital/AXXGVBYB3LOJT68T,NY082,Yes,https://asset.library.wisc.edu/1711.dl/OQIYVWVVJSTK78J/M/b128-fc294.mp4
https://search.library.wisc.edu/digital/AXXVHRHIO5QNVY85,FL025,Yes,https://asset.library.wisc.edu/1711.dl/A4YPW6ZINUJLM8P/M/b128-43888.mp4
https://search.library.wisc.edu/digital/AXY2WOFV35YIVI8R,WI068,Yes,https://asset.library.wisc.edu/1711.dl/EA33CT6U22FJA8M/M/b128-2eccc.mp4
https://search.library.wisc.edu/digital/AXY7OQ7LGP7LJ48V,PA017,No,None
https://search.library.wisc.edu/digital/AXYTL2SZAJWAZE8R,OH045,Yes,https://asset.library.wisc.edu/1711.dl/TRUCKBSYGKXAR8N/M/b128-21a58.mp4
https://search.library.wisc.edu/digital/AXYUAWP7GE7O3D8Q,IL070,Yes,https://asset.library.wisc.edu/1711.dl/JWBHW2PNYOU6Q8B/M/b128-3e41a.mp4
https://search.library.wisc.edu/digital/AXYUJ6RUY5UWOX9C,AZ001,No,None
https://search.library.wisc.edu/digital/AXZBYXDTO7D7VN86,CA067,No,None
https://search.library.wisc.edu/digital/AY2P342DEY4V4A8N,OH078,Yes,https://asset.library.wisc.edu/1711.dl/MNANKFOC5FVOY8L/M/b128-e332b.mp4
https://search.library.wisc.edu/digital/AY3BBDDRC4OJV28C,IL109,Yes,https://asset.library.wisc.edu/1711.dl/E4YE52I6W5S2V8S/M/b128-13125.mp4
https://search.library.wisc.edu/digital/AY3GTUFTWRAVCR8T,MN003,No,None
https://search.library.wisc.edu/digital/AY3PWIV365RJ3H8M,WI070,Yes,https://asset.library.wisc.edu/1711.dl/BL3PBFT5UOFMY82/M/b128-298ce.mp4
https://search.library.wisc.edu/digital/AY3XEFRVW52IQO8F,OH063,Yes,https://asset.library.wisc.edu/1711.dl/GJTJJS3IUC57U8J/M/b128-6966d.mp4
https://search.library.wisc.edu/digital/AY4C4FNB7BMXAZ8F,OH103,Yes,https://asset.library.wisc.edu/1711.dl/AWBSIETQLWTY49B/M/b128-47ffb.mp4
https://search.library.wisc.edu/digital/AY5A75PZUICQUW8Q,IL091,Yes,https://asset.library.wisc.edu/1711.dl/7XNQCT3GUWPOL8L/M/b128-039ec.mp4
https://search.library.wisc.edu/digital/AY5ELYEICUV5XV8V,IN058,Yes,https://asset.library.wisc.edu/1711.dl/NV2YJ7FIF3XCV8S/M/b128-f40a6.mp4
https://search.library.wisc.edu/digital/AY5JVPM4OLJBXN9D,WV010,Yes,https://asset.library.wisc.edu/1711.dl/YXENMZBZDPHJO8W/M/b128-f3e9b.mp4
https://search.library.wisc.edu/digital/AY6ZM53KMFSJ4J8O,FL028,Yes,https://asset.library.wisc.edu/1711.dl/HVBNCYIMHTT2C82/M/b128-7c2d3.mp4
https://search.library.wisc.edu/digital/AXMY5N3NHFL6XG8F,CA079,No,None
https://search.library.wisc.edu/digital/AXNCQWJSWTG7PZ9C,PA126,Yes,https://asset.library.wisc.edu/1711.dl/JWZUWLEC5UZ5D9C/M/b128-bbc5c.mp4
https://search.library.wisc.edu/digital/AXO7WSVKMIQ7VP8G,KY063,Yes,https://asset.library.wisc.edu/1711.dl/6BAVEX3QFJ6KA85/M/b128-047a1.mp4
https://search.library.wisc.edu/digital/AXO7XZ74XV4KMW8M,AL014,Yes,https://asset.library.wisc.edu/1711.dl/6JJUVYTB4ZNAK8Z/M/b128-89da8.mp4
https://search.library.wisc.edu/digital/AXOLWPMXC7455P86,WA012,Yes,https://asset.library.wisc.edu/1711.dl/27NCPDZN4WFZO9E/M/b128-b91ae.mp4
https://search.library.wisc.edu/digital/AXOUEWSHZBREZU8I,NY036,Yes,https://asset.library.wisc.edu/1711.dl/BN6T6HPKNIGER85/M/b128-ef38f.mp4
https://search.library.wisc.edu/digital/AXPEATNWBOYU4U84,OH021,Yes,https://asset.library.wisc.edu/1711.dl/PWXK5IFE552EQ8E/M/b128-39225.mp4
https://search.library.wisc.edu/digital/AXPW32EGZANPY585,MS086,Yes,https://asset.library.wisc.edu/1711.dl/QQ4B6ESQUOUIS84/M/b128-ab3e1.mp4
https://search.library.wisc.edu/digital/AXPZYZRFNUMINL8T,IA015,Yes,https://asset.library.wisc.edu/1711.dl/P6X63AOZZTCZE8G/M/b128-7a257.mp4
https://search.library.wisc.edu/digital/AXQGQ4TL5WRFNH8B,AL031,No,None
https://search.library.wisc.edu/digital/AXQGZL7DOIEQ4T8M,KS002,Yes,https://asset.library.wisc.edu/1711.dl/GMUU4QZVJJOP38O/M/b128-39bc1.mp4
https://search.library.wisc.edu/digital/AXQI6PO6OMUHWC8X,KY024,Yes,https://asset.library.wisc.edu/1711.dl/3SGBVEA63O5AF8A/M/b128-2f487.mp4
https://search.library.wisc.edu/digital/AXQLM4B5WH5VJN8F,IL135,Yes,https://asset.library.wisc.edu/1711.dl/KV66YZTPEBQUI8T/M/b128-c41cc.mp4
https://search.library.wisc.edu/digital/AXR5ZSJYYQ47UU8P,OH094,Yes,https://asset.library.wisc.edu/1711.dl/ABBO2UMICDTVX8J/M/b128-0cc04.mp4
https://search.library.wisc.edu/digital/AXRN63S2F2GEYK87,LA033,Yes,https://asset.library.wisc.edu/1711.dl/5NAFAUH3DUTE68C/M/b128-d3341.mp4
https://search.library.wisc.edu/digital/AXRTSWOBTPGU7Q8R,TX021,No,None
https://search.library.wisc.edu/digital/AXSMO6I3NCTEHL8L,IL080,Yes,https://asset.library.wisc.edu/1711.dl/K5DGNN6JKXYGB8L/M/b128-eab5b.mp4
https://search.library.wisc.edu/digital/AXTQYJ34TVBHAA8A,CA180,Yes,https://asset.library.wisc.edu/1711.dl/PBLXAMJ2OQ75R8Q/M/b128-c1c2d.mp4
https://search.library.wisc.edu/digital/AXTXVRJS6JDA4T8H,GA020,Yes,https://asset.library.wisc.edu/1711.dl/ULQHLP7SG5LQ586/M/b128-9451a.mp4
https://search.library.wisc.edu/digital/AXUNSM2HHF72S28Z,NY139,Yes,https://asset.library.wisc.edu/1711.dl/BDPZZNWRHSPRE8O/M/b128-77a22.mp4
https://search.library.wisc.edu/digital/AXUSQ4ZZFAROHV9D,PA004,Yes,https://asset.library.wisc.edu/1711.dl/ULBHGYOTKEUOQ8C/M/b128-e49c2.mp4
https://search.library.wisc.edu/digital/AXVJMZ2V7NDL4C8D,IN079,Yes,https://asset.library.wisc.edu/1711.dl/RPIRW4FXA62HB8Y/M/b128-fe3bb.mp4
https://search.library.wisc.edu/digital/AXW7DVPWSHXSNV87,MI106,No,None
https://search.library.wisc.edu/digital/AXWBNWXVFXLX3Y8Y,KY050,Yes,https://asset.library.wisc.edu/1711.dl/GEZUES3FDQAJ683/M/b128-3246d.mp4
https://search.library.wisc.edu/digital/AW3SBHHJSTSY7O9B,GA081,Yes,https://asset.library.wisc.edu/1711.dl/66MI76MTS5GLY82/M/b128-39035.mp4
https://search.library.wisc.edu/digital/AW432KX7Q4SG6J9A,AL016,Yes,https://asset.library.wisc.edu/1711.dl/OPMP7UZ72AZM48F/M/b128-6b7f4.mp4
https://search.library.wisc.edu/digital/AW46MCCRP7HDHB87,WI034,Yes,https://asset.library.wisc.edu/1711.dl/WUELWM7H2GKTP87/M/b128-825e3.mp4
https://search.library.wisc.edu/digital/AW5KXNB3FR4NNG8R,MA027,Yes,https://asset.library.wisc.edu/1711.dl/2MZQ7JLDHOEYY8O/M/b128-acbdb.mp4
https://search.library.wisc.edu/digital/AW62CNMJUUK6GO8X,MN016,Yes,https://asset.library.wisc.edu/1711.dl/MKGPAM5F5JNWG8D/M/b128-e4241.mp4
https://search.library.wisc.edu/digital/AW6UHCFECW2VGP82,TN041,Yes,https://asset.library.wisc.edu/1711.dl/MIMAUH3FK4KIK87/M/b128-b6ebc.mp4
https://search.library.wisc.edu/digital/AW7TNG5VPL5XGQ9A,GA086,Yes,https://asset.library.wisc.edu/1711.dl/YNDJ234HUHGH68X/M/b128-6245c.mp4
https://search.library.wisc.edu/digital/AWAV2CK72YLNP38T,SC037,No,None
https://search.library.wisc.edu/digital/AWBA5QIN5FN42W8H,NJ011,Yes,https://asset.library.wisc.edu/1711.dl/EQX5GCI2LSKP38E/M/b128-1f71b.mp4
https://search.library.wisc.edu/digital/AWBKXSXADDAJDZ9C,MI027,Yes,https://asset.library.wisc.edu/1711.dl/CEFZVSABAP75J8H/M/b128-a72c4.mp4
https://search.library.wisc.edu/digital/AWC5TD74XQSLUJ8S,TN042,Yes,https://asset.library.wisc.edu/1711.dl/XXJ6RJKDX4IIH83/M/b128-4260b.mp4
https://search.library.wisc.edu/digital/AWC6Y2XNDZ5VK68B,MO019,No,None
https://search.library.wisc.edu/digital/AWCDXHUPSMYIAK8Y,SC018,Yes,https://asset.library.wisc.edu/1711.dl/DTTDOGC2XVRII8V/M/b128-2584d.mp4
https://search.library.wisc.edu/digital/AWCIKTSRHMLTOR82,MA014,Yes,https://asset.library.wisc.edu/1711.dl/3URZHPODRVDYS8O/M/b128-d424a.mp4
https://search.library.wisc.edu/digital/AWCIW647TBXKNA9D,VA105,Yes,https://asset.library.wisc.edu/1711.dl/XK3AZ4FIG5CUF8D/M/b128-46f55.mp4
https://search.library.wisc.edu/digital/AWDGMHPRMKZSEH8B,ID014,No,None
https://search.library.wisc.edu/digital/AWDQVLRV7FAXWH9B,IL114,Yes,https://asset.library.wisc.edu/1711.dl/KS74MIOAT5PZT8C/M/b128-a64ee.mp4
https://search.library.wisc.edu/digital/AWDUQQWSC6BHET8L,MI081,Yes,https://asset.library.wisc.edu/1711.dl/3DROYPBRY6BTK8J/M/b128-f6cd0.mp4
https://search.library.wisc.edu/digital/AWDXUCRYJH3BXB8P,PA117,No,None
https://search.library.wisc.edu/digital/AWE3OSVS5GXCNB9A,AL059,Yes,https://asset.library.wisc.edu/1711.dl/BE6EGLC44JY5C8X/M/b128-c8702.mp4
https://search.library.wisc.edu/digital/AWQS2NF43RFLWI8F,GA039,No,None
https://search.library.wisc.edu/digital/AWSJJLXSPQ5JUA8B,IL134,Yes,https://asset.library.wisc.edu/1711.dl/FIXRVN3HF7XH583/M/b128-e8031.mp4
https://search.library.wisc.edu/digital/AWT2GV2YA6YVAO9C,NY116,Yes,https://asset.library.wisc.edu/1711.dl/2V7G6GD3US6U584/M/b128-aafe9.mp4
https://search.library.wisc.edu/digital/AWTCCPA7TWY2XO9D,LA008,Yes,https://asset.library.wisc.edu/1711.dl/BSFIHITTJMNNM9D/M/b128-8c1a0.mp4
https://search.library.wisc.edu/digital/AWU2Z7WKWZTRUY8D,MO005,No,None
https://search.library.wisc.edu/digital/AWVDTZXEEAW32S8S,CT015,Yes,https://asset.library.wisc.edu/1711.dl/JDG7X6MXMK42K8N/M/b128-e2f9b.mp4
https://search.library.wisc.edu/digital/AWXFRD525ZDVJ69E,AL010,Yes,https://asset.library.wisc.edu/1711.dl/6CQSMU4OUYYZU9E/M/b128-21adc.mp4
https://search.library.wisc.edu/digital/AWXQSYSNPXGYBT8L,PA134,Yes,https://asset.library.wisc.edu/1711.dl/6K3NVA7WFAPEM8W/M/b128-8cbf3.mp4
https://search.library.wisc.edu/digital/AWXTO6ZGN3EIIO8S,MI116,Yes,https://asset.library.wisc.edu/1711.dl/7QHVB2UUMPGHT82/M/b128-5ca5b.mp4
https://search.library.wisc.edu/digital/AWXZSNTSMSDZPH8W,OH089,Yes,https://asset.library.wisc.edu/1711.dl/IFIW7GIYY3XQ48O/M/b128-8da19.mp4
https://search.library.wisc.edu/digital/AWY3XWX4J2QOCA9E,CA002,Yes,https://asset.library.wisc.edu/1711.dl/4KCY4RFERIIQP8U/M/b128-edabb.mp4
https://search.library.wisc.edu/digital/AWYBGV7YDUS6WA8R,MA073,Yes,https://asset.library.wisc.edu/1711.dl/AZBVKH7NDXGIM8P/M/b128-2d432.mp4
https://search.library.wisc.edu/digital/AWYO6QHRQNGNED8J,MO003,No,None
https://search.library.wisc.edu/digital/A2ONLKR6JGMDEZ8E,PA147,Yes,https://asset.library.wisc.edu/1711.dl/44FILOF37QIHH8C/M/b128-d1d0d.mp4
https://search.library.wisc.edu/digital/A2OWH2KQAJ5YEC8M,TX073,Yes,https://asset.library.wisc.edu/1711.dl/JUCZZFSKZSMTB9E/M/b128-7d578.mp4
https://search.library.wisc.edu/digital/A2P4GLX47NOVXC8A,PA055,No,None
https://search.library.wisc.edu/digital/A2PIQOYWBZ6UTG8R,OH034,Yes,https://asset.library.wisc.edu/1711.dl/MYZFRCYXEVFDC8F/M/b128-ba9f5.mp4
https://search.library.wisc.edu/digital/A2PSSCXQFLGV2B8N,OH096,Yes,https://asset.library.wisc.edu/1711.dl/4X2AXFBIWK4B68H/M/b128-375e7.mp4
https://search.library.wisc.edu/digital/A2QTKXX5UY5RNA85,SC025,Yes,https://asset.library.wisc.edu/1711.dl/JV5MF4MP53I5S8I/M/b128-b43ab.mp4
https://search.library.wisc.edu/digital/A2S4XUE23IDOEY8H,ID010,No,None
https://search.library.wisc.edu/digital/A2SQFSJ3QSNSAW9D,CA110,No,None
https://search.library.wisc.edu/digital/A2U6QUFM56EGF29C,SC040,No,None
https://search.library.wisc.edu/digital/A2UUQGFYWKAOOP8R,KY023,Yes,https://asset.library.wisc.edu/1711.dl/2IIRBSFE4TAZ38B/M/b128-16f27.mp4
https://search.library.wisc.edu/digital/A2VFUKJK3JMNBC8K,IN032,Yes,https://asset.library.wisc.edu/1711.dl/O3YTPA4EISMRF8Z/M/b128-2dfb7.mp4
https://search.library.wisc.edu/digital/A2VSL4Z3L5LZWS83,TN060,No,None
https://search.library.wisc.edu/digital/A2X6SUVCT6G76N8N,NC053,Yes,https://asset.library.wisc.edu/1711.dl/YD6LE74C3PKIS8J/M/b128-409b5.mp4
https://search.library.wisc.edu/digital/A2XEQ4DRT6SC559D,DC013,Yes,https://asset.library.wisc.edu/1711.dl/MMLAVTEYFN34O8S/M/b128-06f6c.mp4
https://search.library.wisc.edu/digital/A2XEUKSGKXFCHL8Z,CA202,Yes,https://asset.library.wisc.edu/1711.dl/TJ2J7SVC6D6AN8H/M/b128-288b9.mp4
https://search.library.wisc.edu/digital/A2XFXZIQMXAYM38J,MD022,Yes,https://asset.library.wisc.edu/1711.dl/JN4Q56KU5XYWB87/M/b128-8dba8.mp4
https://search.library.wisc.edu/digital/A4TOW7O25YAVUC8I,MD041,Yes,https://asset.library.wisc.edu/1711.dl/G6VUERLCIMIPJ8C/M/b128-cecbb.mp4
https://search.library.wisc.edu/digital/A4UHVIIPYX4OAW8F,MI025,Yes,https://asset.library.wisc.edu/1711.dl/5EXZLNMINOSB59E/M/b128-80653.mp4
https://search.library.wisc.edu/digital/A4UINFEESKWYJL8G,VA070,Yes,https://asset.library.wisc.edu/1711.dl/UDRKGABO5F65Z82/M/b128-1b05a.mp4
https://search.library.wisc.edu/digital/A4UY3L65EMCJW286,IA003,Yes,https://asset.library.wisc.edu/1711.dl/JCODEEZA2SNLT8B/M/b128-7dbaf.mp4
https://search.library.wisc.edu/digital/A4UZHHA36LKVCC8F,NY102,No,None
https://search.library.wisc.edu/digital/A4VG465RRRFSCZ8M,OR001,Yes,https://asset.library.wisc.edu/1711.dl/3NY5HZ272AKKD83/M/b128-895da.mp4
https://search.library.wisc.edu/digital/A4WE5V54MO6CHH8Z,AL009,Yes,https://asset.library.wisc.edu/1711.dl/KAJGZP6FY4QIU8A/M/b128-34cbe.mp4
https://search.library.wisc.edu/digital/A4WTA4FW2ARQRO8Y,OH060,Yes,https://asset.library.wisc.edu/1711.dl/CMZLUD5K6OCXX9E/M/b128-0f275.mp4
https://search.library.wisc.edu/digital/A4XO75JG4ECALA8F,SC015,No,None
https://search.library.wisc.edu/digital/A4ZJGCM27BEU579B,MI047,Yes,https://asset.library.wisc.edu/1711.dl/5XSXQU7GI5W5M8S/M/b128-3956b.mp4
https://search.library.wisc.edu/digital/A52CBID4QRBSP48J,NC035,Yes,https://asset.library.wisc.edu/1711.dl/SM7BGKB7NHM368A/M/b128-66977.mp4
https://search.library.wisc.edu/digital/A52J4AIOQDSQE28F,MA047,No,None
https://search.library.wisc.edu/digital/A53AMQD3ROQGTR8X,CT013,Yes,https://asset.library.wisc.edu/1711.dl/ZUUE6UJBVDWPI8G/M/b128-6636d.mp4
https://search.library.wisc.edu/digital/A53M5HIUSCD5UW8P,CA063,Yes,https://asset.library.wisc.edu/1711.dl/64WVIEAUK735W8P/M/b128-09e3d.mp4
https://search.library.wisc.edu/digital/A54JHZLDF3FMFD84,IL002,Yes,https://asset.library.wisc.edu/1711.dl/CPFGY5R2F7Z6K9E/M/b128-96a83.mp4
https://search.library.wisc.edu/digital/A3M72PSTIMKJIU9B,UT001,Yes,https://asset.library.wisc.edu/1711.dl/26ZSSLMSBRUCZ9B/M/b128-be7c5.mp4
https://search.library.wisc.edu/digital/A3MNVB6AY6IBAY8D,NY118A,No,None
https://search.library.wisc.edu/digital/A3O7SGOWMLTFB58W,MO036,Yes,https://asset.library.wisc.edu/1711.dl/4DSHGD6TLJDBD8W/M/b128-96b1e.mp4
https://search.library.wisc.edu/digital/A3OENBJ62QZTOE8N,NY117,No,None
https://search.library.wisc.edu/digital/A3OKVAGHH4MCSP8F,NC014,Yes,https://asset.library.wisc.edu/1711.dl/BAC2FQ54ZGMUD8X/M/b128-34707.mp4
https://search.library.wisc.edu/digital/A3P6VXQQ7WOLA28I,WI002,No,None
https://search.library.wisc.edu/digital/A3PL4Y4XGWTNWW8E,NY100,Yes,https://asset.library.wisc.edu/1711.dl/QGH4IYG5C2CPP9E/M/b128-ede86.mp4
https://search.library.wisc.edu/digital/A3SBUIMVGYQDQI8L,CA021,No,None
https://search.library.wisc.edu/digital/A3TEKLSMEIVQCP8A,SC047,No,None
https://search.library.wisc.edu/digital/A3UHZLR2KS3X6L8T,WY003,Yes,https://asset.library.wisc.edu/1711.dl/245BQTHNRKIY79D/M/b128-c28e5.mp4
https://search.library.wisc.edu/digital/A3URJERQQPVATF8H,MI017,Yes,https://asset.library.wisc.edu/1711.dl/NYGSEA5OFCYXH9D/M/b128-002e1.mp4
https://search.library.wisc.edu/digital/A3USLCHOEMFJK48P,AZ011,Yes,https://asset.library.wisc.edu/1711.dl/3UIBOWWVH2EPQ8F/M/b128-2079c.mp4
https://search.library.wisc.edu/digital/A3V2XYJKU7KERA8M,MN019,Yes,https://asset.library.wisc.edu/1711.dl/KJXZ3M56RSYUM83/M/b128-43641.mp4
https://search.library.wisc.edu/digital/A3VEENYT6XGXLH8Q,NJ027,Yes,https://asset.library.wisc.edu/1711.dl/OKJQUKGAG3NCT85/M/b128-e4c31.mp4
https://search.library.wisc.edu/digital/A3VHCPMG6SSFR58Z,WI027,Yes,https://asset.library.wisc.edu/1711.dl/CHL627MFL76LX8D/M/b128-a303d.mp4
https://search.library.wisc.edu/digital/A3C44K6R55QGPV8J,CT006,Yes,https://asset.library.wisc.edu/1711.dl/IBQO673JKV6T58W/M/b128-c83a7.mp4
https://search.library.wisc.edu/digital/A3CY6DLDDK2ZUI8X,OK039,No,None
https://search.library.wisc.edu/digital/A3D4KGDHR654XN8B,OH054,Yes,https://asset.library.wisc.edu/1711.dl/JTL2QPNCEHY4C8J/M/b128-515d3.mp4
https://search.library.wisc.edu/digital/A3DQID6TZWQLEM85,CA080,Yes,https://asset.library.wisc.edu/1711.dl/CECDKNV2KVIZ69D/M/b128-a107f.mp4
https://search.library.wisc.edu/digital/A3EIUQFMXM53PG83,MI004,Yes,https://asset.library.wisc.edu/1711.dl/LZ62LLZR2JUA48E/M/b128-4de21.mp4
https://search.library.wisc.edu/digital/A3ESGDKMXXKWAP8Q,CO001,No,None
https://search.library.wisc.edu/digital/A3F7TG44XIRAUA8I,OH065,Yes,https://asset.library.wisc.edu/1711.dl/22Y6RHJKKWZRP8H/M/b128-f2449.mp4
https://search.library.wisc.edu/digital/A3FBIP3RN3XNHW8B,WV003,Yes,https://asset.library.wisc.edu/1711.dl/5ACY2SAJX5DJI9E/M/b128-fb1fc.mp4
https://search.library.wisc.edu/digital/A3G2GMKJB56Y7J8S,PA086,No,None
https://search.library.wisc.edu/digital/A3G5T7YIASMASF8K,MA102,No,None
https://search.library.wisc.edu/digital/A3G7JODX636WRP84,MS045,Yes,https://asset.library.wisc.edu/1711.dl/Q5WTJ6T2H43XN8R/M/b128-cbe14.mp4
https://search.library.wisc.edu/digital/A3GS5KPELVYX6I8U,NJ009,Yes,https://asset.library.wisc.edu/1711.dl/5ZVP7OB63IJHL8F/M/b128-c82dd.mp4
https://search.library.wisc.edu/digital/A3HAMD5DR7LW5X8L,NC013,Yes,https://asset.library.wisc.edu/1711.dl/SLOB3DOJUGOAJ9A/M/b128-73769.mp4
https://search.library.wisc.edu/digital/A3HHWXY7M2GIGB8F,WI061,Yes,https://asset.library.wisc.edu/1711.dl/3GHQPMD6NWVMG83/M/b128-b02f1.mp4
https://search.library.wisc.edu/digital/A3HO4XUREYCD548I,LA040,Yes,https://asset.library.wisc.edu/1711.dl/FQT3UDOGVERTA8A/M/b128-22e79.mp4
https://search.library.wisc.edu/digital/A3HQKK5FD44GZ48J,OH072,Yes,https://asset.library.wisc.edu/1711.dl/WL7GQJPVMRWA69D/M/b128-16354.mp4
https://search.library.wisc.edu/digital/A3HXW2QAGMXOVW8W,OK019,Yes,https://asset.library.wisc.edu/1711.dl/DPJITLQOKQZQI8D/M/b128-7ac06.mp4
https://search.library.wisc.edu/digital/A3I6ZF5DKEH2RI8M,IL035,Yes,https://asset.library.wisc.edu/1711.dl/2E4MOKXCXNBNR8O/M/b128-fda34.mp4
https://search.library.wisc.edu/digital/A3IRY33D4UETPS8V,WV022,Yes,https://asset.library.wisc.edu/1711.dl/WRDV4XQEPM2H78I/M/b128-9f3d7.mp4
https://search.library.wisc.edu/digital/A3ITOSZYT7IAON8G,NY079,Yes,https://asset.library.wisc.edu/1711.dl/EHEW2WK6OY5WT9E/M/b128-f4073.mp4
https://search.library.wisc.edu/digital/A3K4YNVTCBU3738U,MI034,Yes,https://asset.library.wisc.edu/1711.dl/DOEWWE7SIQTDH8K/M/b128-6dc30.mp4
https://search.library.wisc.edu/digital/A3L4KJZBD74UD29D,CT017,Yes,https://asset.library.wisc.edu/1711.dl/2TTT4GLTOEBKZ8D/M/b128-84dd4.mp4
https://search.library.wisc.edu/digital/A3L5NBRE3USF768O,MO020,No,None
https://search.library.wisc.edu/digital/A3L623K6ASAW3M8P,MO016,Yes,https://asset.library.wisc.edu/1711.dl/MN4DQSMZ6YSA78P/M/b128-172b3.mp4
https://search.library.wisc.edu/digital/A3LOPPZGYLRB6G9B,NC054,No,None
https://search.library.wisc.edu/digital/A5HFFLDNVPMH428K,MA116,No,None
https://search.library.wisc.edu/digital/A5HILOEFIFX5CC8X,DE007,Yes,https://asset.library.wisc.edu/1711.dl/CLGB2DFGJBWYY82/M/b128-d628c.mp4
https://search.library.wisc.edu/digital/A5IMLE3CEUVUMT8W,MI044,Yes,https://asset.library.wisc.edu/1711.dl/CZK5KSR4IR7BU8A/M/b128-863e1.mp4
https://search.library.wisc.edu/digital/A5IPCGFJKNXHSQ8C,PA178,Yes,https://asset.library.wisc.edu/1711.dl/LRNNOT3JKI4G282/M/b128-86eb5.mp4
https://search.library.wisc.edu/digital/A5IXUALF266JVX8V,VA075,Yes,https://asset.library.wisc.edu/1711.dl/DW5R3Z4M5DRKW9D/M/b128-0883b.mp4
https://search.library.wisc.edu/digital/A5JKWY5OEYN4VT8D,OK001,No,None
https://search.library.wisc.edu/digital/A5JMBQCKGX3UQY8S,TX104,Yes,https://asset.library.wisc.edu/1711.dl/AJXCVY4Z2A3238K/M/b128-83123.mp4
https://search.library.wisc.edu/digital/A5K4CO6PRBP7I58O,WV020,Yes,https://asset.library.wisc.edu/1711.dl/UDJKCZ7BZFXJD8G/M/b128-8dba6.mp4
https://search.library.wisc.edu/digital/A5LQ3LUZIIP7CE8C,NY163,Yes,https://asset.library.wisc.edu/1711.dl/2VV5ET3KR63UB8Z/M/b128-f9ee3.mp4
https://search.library.wisc.edu/digital/A5LQZKS76NRPYS8M,MI042,Yes,https://asset.library.wisc.edu/1711.dl/2MWYJYZG3EWCP9E/M/b128-41b38.mp4
https://search.library.wisc.edu/digital/A5M6ONAIPV7UYQ83,NY211,Yes,https://asset.library.wisc.edu/1711.dl/P2CWQDEBVSFYE8X/M/b128-00840.mp4
https://search.library.wisc.edu/digital/A5MAVZRGQ5KPK68Q,MO002,No,None
https://search.library.wisc.edu/digital/A5NRAJFNY3T3QC8G,VT016,Yes,https://asset.library.wisc.edu/1711.dl/PLOBA525FJSIZ8T/M/b128-463b2.mp4
https://search.library.wisc.edu/digital/A5ODGSYVAEHJ7A8M,CA120,No,None
https://search.library.wisc.edu/digital/A5P5B3NI5U7BI59C,MD014,Yes,https://asset.library.wisc.edu/1711.dl/H5XJGOYF4JRHD9C/M/b128-c1c82.mp4
https://search.library.wisc.edu/digital/A5PYB65KXFLX7D8P,IL136,Yes,https://asset.library.wisc.edu/1711.dl/FUZ5M2UQLPYNR8T/M/b128-243c4.mp4
https://search.library.wisc.edu/digital/A5Q3TOB6HCHZDC8X,MA062,Yes,https://asset.library.wisc.edu/1711.dl/CZEEDZ27TBFZH8H/M/b128-40e73.mp4
https://search.library.wisc.edu/digital/A5R6QHJABQNVTC8A,WI043,Yes,https://asset.library.wisc.edu/1711.dl/HW6SKMWCN3ZBX9D/M/b128-97fef.mp4
https://search.library.wisc.edu/digital/A3VP7N7BW7CS6Z8E,OR002,Yes,https://asset.library.wisc.edu/1711.dl/BENNMC2FRPTTJ86/M/b128-5b591.mp4
https://search.library.wisc.edu/digital/A3W7PQIY3O3BMN8N,CT001,Yes,https://asset.library.wisc.edu/1711.dl/4NFSLFS5H2NJ58S/M/b128-d64a2.mp4
https://search.library.wisc.edu/digital/A3WT7DXAGXWSAS8R,VA106,Yes,https://asset.library.wisc.edu/1711.dl/I434XIVC5NMGN8P/M/b128-eaec8.mp4
https://search.library.wisc.edu/digital/A3XGXNMGKTR43G8N,NJ018,Yes,https://asset.library.wisc.edu/1711.dl/IPHVYOYIFW3EB8S/M/b128-cbe42.mp4
https://search.library.wisc.edu/digital/A3XSP2VW7PZTCR8T,NM007,Yes,https://asset.library.wisc.edu/1711.dl/JI3PW5XNZT6WA8W/M/b128-8a81d.mp4
https://search.library.wisc.edu/digital/A3YCVK6RDJHVB58O,TX041,Yes,https://asset.library.wisc.edu/1711.dl/Y6FLDCECKFDUF82/M/b128-a1f80.mp4
https://search.library.wisc.edu/digital/A3YMXGMXTD42BJ8I,PA124,Yes,https://asset.library.wisc.edu/1711.dl/AUS4WXQ2KUTP78G/M/b128-ac444.mp4
https://search.library.wisc.edu/digital/A3ZTH4DJDS3OJ59D,SC010,No,None
https://search.library.wisc.edu/digital/A42QTZ53OETBCI8W,SC055,Yes,https://asset.library.wisc.edu/1711.dl/U5XMHA4KXJE4D8B/M/b128-3286b.mp4
https://search.library.wisc.edu/digital/A42UJZ2D7B5IYV8J,PA163,Yes,https://asset.library.wisc.edu/1711.dl/ZNXENPHRJN3IT9A/M/b128-4b359.mp4
https://search.library.wisc.edu/digital/A432AJOJNJBRJX87,CT002,Yes,https://asset.library.wisc.edu/1711.dl/WKFRQI4BOAAFF8F/M/b128-3c2cd.mp4
https://search.library.wisc.edu/digital/A43SH6QRHMKQ5585,PA068,Yes,https://asset.library.wisc.edu/1711.dl/LHHGP7YBQLNKK8H/M/b128-8e75b.mp4
https://search.library.wisc.edu/digital/A44M2YBUMJPXIY9D,PA200,Yes,https://asset.library.wisc.edu/1711.dl/IEE25W72EM74S8O/M/b128-b0c0a.mp4
https://search.library.wisc.edu/digital/A45FOSR5SBWHG68V,MA003,Yes,https://asset.library.wisc.edu/1711.dl/27JK33S2GAFCY8K/M/b128-12a47.mp4
https://search.library.wisc.edu/digital/A45I5RPTT564EM8U,LA006,Yes,https://asset.library.wisc.edu/1711.dl/C5Q757RCCIA3P8U/M/b128-434a3.mp4
https://search.library.wisc.edu/digital/A45QI6J6QIKSLL8V,NY145,No,None
https://search.library.wisc.edu/digital/A45TZP2VVT7HDN9D,WA020,Yes,https://asset.library.wisc.edu/1711.dl/MNEF3GRJBPR578M/M/b128-c91f1.mp4
https://search.library.wisc.edu/digital/A46IHJLX4FDVTT8L,MI105,No,None
https://search.library.wisc.edu/digital/A46J5EQUUTA3VT8X,FL037,Yes,https://asset.library.wisc.edu/1711.dl/PTHTIIB5UTY5M8Y/M/b128-de052.mp4
https://search.library.wisc.edu/digital/A46J75ECA7VELH87,PA027,Yes,https://asset.library.wisc.edu/1711.dl/OB3T3EFQVT4XZ8H/M/b128-f5462.mp4
https://search.library.wisc.edu/digital/A46NSD3UTAN6JN9E,PA234,Yes,https://asset.library.wisc.edu/1711.dl/ICX34RR4VPOHD8V/M/b128-978e2.mp4
https://search.library.wisc.edu/digital/A47APRMUV2O7HZ8A,PA029,Yes,https://asset.library.wisc.edu/1711.dl/C3RA7BZ2A5EUB8R/M/b128-d811c.mp4
https://search.library.wisc.edu/digital/A55OJAD6EWUY2Q8Q,CA181,Yes,https://asset.library.wisc.edu/1711.dl/QVXHQDKT3YHFA8W/M/b128-64ff2.mp4
https://search.library.wisc.edu/digital/A56RJYOC5NMPX383,PA095,Yes,https://asset.library.wisc.edu/1711.dl/GV53U327DXG5V85/M/b128-449c1.mp4
https://search.library.wisc.edu/digital/A57ME4ZFXVP32D8L,AL015,Yes,https://asset.library.wisc.edu/1711.dl/6WCMMO5VPTYGE8Y/M/b128-03bd4.mp4
https://search.library.wisc.edu/digital/A57MKEEALPBXR48H,MO037,No,None
https://search.library.wisc.edu/digital/A57RS2J34UBHKH87,OH049,Yes,https://asset.library.wisc.edu/1711.dl/PCWF7IH75YSKI8L/M/b128-3d5d8.mp4
https://search.library.wisc.edu/digital/A5ATXSFEFZAEEC8G,SC056,Yes,https://asset.library.wisc.edu/1711.dl/2N7MF3N2LN44S8K/M/b128-d0f2f.mp4
https://search.library.wisc.edu/digital/A5BIWMEU2APVVR8X,MA058,Yes,https://asset.library.wisc.edu/1711.dl/PFUEXPZGBWRVH86/M/b128-bedd2.mp4
https://search.library.wisc.edu/digital/A5CRE36JLU6KWM8W,NC004,Yes,https://asset.library.wisc.edu/1711.dl/L6YYXDGHSSB5R8X/M/b128-bd96c.mp4
https://search.library.wisc.edu/digital/A5ECQSUZ5DMFZS8R,WI018,Yes,https://asset.library.wisc.edu/1711.dl/Q2IVRGPNSU22N8H/M/b128-ff6ed.mp4
https://search.library.wisc.edu/digital/A5FLJELKNQJJC38D,NY048,Yes,https://asset.library.wisc.edu/1711.dl/GTZNAQFTCUEJI8D/M/b128-93587.mp4
https://search.library.wisc.edu/digital/A5FTCKCCL3TGTK8P,MI125,No,None
https://search.library.wisc.edu/digital/A5FUXW5EUB5P7Q8F,NJ070,Yes,https://asset.library.wisc.edu/1711.dl/5O534M4E3M3HG9C/M/b128-0bc73.mp4
https://search.library.wisc.edu/digital/A5G5R32XR6DZOW8A,NV002,No,None
https://search.library.wisc.edu/digital/A5GQTEKQB2LTEF9A,PA090,Yes,https://asset.library.wisc.edu/1711.dl/6SDW464GXSDSF8W/M/b128-4d432.mp4
https://search.library.wisc.edu/digital/A2YWBWPSKS54RP8H,MO013,Yes,https://asset.library.wisc.edu/1711.dl/4QIFCIAYWM74W8H/M/b128-08a82.mp4
https://search.library.wisc.edu/digital/A2ZJJDWGTKN6O78K,GA061,Yes,https://asset.library.wisc.edu/1711.dl/KIBGREQKOFHP686/M/b128-be65e.mp4
https://search.library.wisc.edu/digital/A2ZLTEFS3AIIVV8M,NJ042,Yes,https://asset.library.wisc.edu/1711.dl/VLZ5D2UEYEXP684/M/b128-4ccb8.mp4
https://search.library.wisc.edu/digital/A333BRKTMTJDW38G,MN006,Yes,https://asset.library.wisc.edu/1711.dl/YQLZFVNFXW4WQ8N/M/b128-3f5ab.mp4
https://search.library.wisc.edu/digital/A3476OH3F4UR3D8L,NY060,Yes,https://asset.library.wisc.edu/1711.dl/YJRLIOHUVX5HF8Z/M/b128-db801.mp4
https://search.library.wisc.edu/digital/A347YHLTMFBUKD8A,OH079,Yes,https://asset.library.wisc.edu/1711.dl/ODJ5AN5DE6K6P82/M/b128-e1f8b.mp4
https://search.library.wisc.edu/digital/A34B7DXUSYSWEE8Q,MA128,No,None
https://search.library.wisc.edu/digital/A357HTNU3IGTYU9B,PA072,Yes,https://asset.library.wisc.edu/1711.dl/M74MX2JQA7J2V9C/M/b128-35a83.mp4
https://search.library.wisc.edu/digital/A35L6R2GOYXEPR8H,NC029,No,None
https://search.library.wisc.edu/digital/A35Y4F5IF5YJJB83,IN023,Yes,https://asset.library.wisc.edu/1711.dl/SVFNIXQZUOXJZ9A/M/b128-06bbb.mp4
https://search.library.wisc.edu/digital/A35YWRLPQIFT2J8U,VA038,No,None
https://search.library.wisc.edu/digital/A363GC6S6SL6ZB9D,NJ002,Yes,https://asset.library.wisc.edu/1711.dl/ZRPAX27DKFG2M9A/M/b128-d245d.mp4
https://search.library.wisc.edu/digital/A36FLK5IZHA3JW8L,ME002,No,None
https://search.library.wisc.edu/digital/A36TZD42LF5SKU8T,GA010,Yes,https://asset.library.wisc.edu/1711.dl/5IHZFQGKMBHPG8L/M/b128-29a82.mp4
https://search.library.wisc.edu/digital/A3BNCZQI3LPCWX9C,MI093,No,None
https://search.library.wisc.edu/digital/A24CTDSUQ7JJ4X86,OH036,Yes,https://asset.library.wisc.edu/1711.dl/EYM5IISPDCGJ78P/M/b128-114ca.mp4
https://search.library.wisc.edu/digital/A24NYDW5IL4AP28L,HI002,No,None
https://search.library.wisc.edu/digital/A24P25OSPA5LVO9C,CT014,Yes,https://asset.library.wisc.edu/1711.dl/G6Y25CSYZ77A58J/M/b128-4fafd.mp4
https://search.library.wisc.edu/digital/A26GH3OOSSY2VM8Y,MA051,Yes,https://asset.library.wisc.edu/1711.dl/LDJIPMO6AS3PI83/M/b128-e6a33.mp4
https://search.library.wisc.edu/digital/A27WB37FXIKZ3S8B,CA210,Yes,https://asset.library.wisc.edu/1711.dl/ATNWK6JILDEP48S/M/b128-eef4f.mp4
https://search.library.wisc.edu/digital/A2D7EZR5DMOO4J8H,IL098,Yes,https://asset.library.wisc.edu/1711.dl/VETTY7JHOMQ4O8K/M/b128-4c669.mp4
https://search.library.wisc.edu/digital/A2E3TDSGWMN3MN8L,OK058,No,None
https://search.library.wisc.edu/digital/A2EAN7IT4FN5H68X,NC009,Yes,https://asset.library.wisc.edu/1711.dl/PPDZVPUBZRQ5X8N/M/b128-5ff33.mp4
https://search.library.wisc.edu/digital/A2EZXEQ3J27SBM8I,PA146,Yes,https://asset.library.wisc.edu/1711.dl/VAVZKSI7364OP8K/M/b128-1fafe.mp4
https://search.library.wisc.edu/digital/A2GB5LCDUJB5YH8K,GA051,No,None
https://search.library.wisc.edu/digital/A2H4CXEIXKB3MD8S,AL025,Yes,https://asset.library.wisc.edu/1711.dl/E7RQZW47KEDTV85/M/b128-30cca.mp4
https://search.library.wisc.edu/digital/A2HO3JP7BXPUD69E,MA055,Yes,https://asset.library.wisc.edu/1711.dl/EKI3UEBEKEVJ28Q/M/b128-fba8a.mp4
https://search.library.wisc.edu/digital/A2HRZDEKNLKD6I83,NY113,Yes,https://asset.library.wisc.edu/1711.dl/ZWF6SH5YNURV48B/M/b128-ab385.mp4
https://search.library.wisc.edu/digital/A2ITPQIFQF6IZT8Y,IL039,Yes,https://asset.library.wisc.edu/1711.dl/MPFNZ6X2CPV278K/M/b128-29414.mp4
https://search.library.wisc.edu/digital/A2J3ISVCC2SY7P8U,IN082,Yes,https://asset.library.wisc.edu/1711.dl/DVQL6WHYFUIKV8R/M/b128-01ce4.mp4
https://search.library.wisc.edu/digital/A2JAGSC7JYBMDA8C,NC068,Yes,https://asset.library.wisc.edu/1711.dl/MTQY55OGRCYOY8W/M/b128-38870.mp4
https://search.library.wisc.edu/digital/A2L6WUEVC2OMGV9A,ID007,No,None
https://search.library.wisc.edu/digital/A2LYH4SVVGUG5C9E,IA043,Yes,https://asset.library.wisc.edu/1711.dl/IAZU7VYLIJICW8C/M/b128-96834.mp4
https://search.library.wisc.edu/digital/A2M4A56Z2G7ENP8K,WI021,Yes,https://asset.library.wisc.edu/1711.dl/YFIHOSFW56AXZ8J/M/b128-79c89.mp4
https://search.library.wisc.edu/digital/A2MJMQSKY7VL2P83,IN011,Yes,https://asset.library.wisc.edu/1711.dl/MD4HQN35ZNL278N/M/b128-a22c1.mp4
https://search.library.wisc.edu/digital/A2N7SFHFTBJI6S87,IA027,Yes,https://asset.library.wisc.edu/1711.dl/VOGYP3FYHE42D8U/M/b128-d7c2e.mp4
https://search.library.wisc.edu/digital/A2NPK23APQQINT8M,MN036,Yes,https://asset.library.wisc.edu/1711.dl/VGKO6CYEMZ7PO8Z/M/b128-62952.mp4
https://search.library.wisc.edu/digital/ABDOTXASQ7GXMN86,MA110,No,None
https://search.library.wisc.edu/digital/ABERYZHKEXWOVS8M,VA073,Yes,https://asset.library.wisc.edu/1711.dl/YCPBIUK4V3QTI8S/M/b128-a462e.mp4
https://search.library.wisc.edu/digital/ABGQ5T2C5A4SHY87,NJ054,Yes,https://asset.library.wisc.edu/1711.dl/3W6JZTC6QMYTF87/M/b128-838af.mp4
https://search.library.wisc.edu/digital/ABHDP5OSHIG5H783,IL093,Yes,https://asset.library.wisc.edu/1711.dl/AYWZRD7SBRMDT8O/M/b128-f2911.mp4
https://search.library.wisc.edu/digital/ABHX4F7NFNWS359D,VA026,Yes,https://asset.library.wisc.edu/1711.dl/OJ4DBOOFWZHQO9B/M/b128-1a499.mp4
https://search.library.wisc.edu/digital/ABHX5BSMAE5MKB82,WI055,Yes,https://asset.library.wisc.edu/1711.dl/D27TPBIFYZ3QH8E/M/b128-db5f5.mp4
https://search.library.wisc.edu/digital/ABIHCJWCTU5B2C8Y,NJ034,Yes,https://asset.library.wisc.edu/1711.dl/LISZC3YBLPEFN8P/M/b128-b24b9.mp4
https://search.library.wisc.edu/digital/ABJFBOYXYBPFM58I,PA145,Yes,https://asset.library.wisc.edu/1711.dl/MWSDDOBZF2MUR87/M/b128-14137.mp4
https://search.library.wisc.edu/digital/ABJJ2MG57DU66A8X,MA118,No,None
https://search.library.wisc.edu/digital/ABJNNRCT6DJOPU9B,NJ055,Yes,https://asset.library.wisc.edu/1711.dl/P5CI4SFV4M4ID8I/M/b128-358d6.mp4
https://search.library.wisc.edu/digital/ABJUSYAA2NPCLV82,TN059,Yes,https://asset.library.wisc.edu/1711.dl/QXWBPJGB22WGH82/M/b128-d5688.mp4
https://search.library.wisc.edu/digital/ABJXS6CMYQVKVW8J,FL008,Yes,https://asset.library.wisc.edu/1711.dl/2BSA44TWBRPD682/M/b128-b19c3.mp4
https://search.library.wisc.edu/digital/ABKQQECL2H75AZ8Y,MO007,Yes,https://asset.library.wisc.edu/1711.dl/K7POPLDFD6W4S9C/M/b128-bda77.mp4
https://search.library.wisc.edu/digital/ABLETGSLALIQRB8K,OH070,Yes,https://asset.library.wisc.edu/1711.dl/BKLMCPHIALQMJ8L/M/b128-da2ae.mp4
https://search.library.wisc.edu/digital/ABLJSY7ZZ2WSA28R,TN025,No,None
https://search.library.wisc.edu/digital/ABMADTW47UF6VF87,NY094,Yes,https://asset.library.wisc.edu/1711.dl/NIFRQV2E4CWAJ8Q/M/b128-61ba4.mp4
https://search.library.wisc.edu/digital/ABN3V2LTSU5RDZ8S,WV012,Yes,https://asset.library.wisc.edu/1711.dl/RGKHGPPWWUG5M8N/M/b128-6f1e3.mp4
https://search.library.wisc.edu/digital/ABXP2OWK3R4KHM8Y,CA094,Yes,https://asset.library.wisc.edu/1711.dl/PDXN2X7KGH2XE8C/M/b128-fc095.mp4
https://search.library.wisc.edu/digital/ABYJYLO5VRUEQN9C,PA069,Yes,https://asset.library.wisc.edu/1711.dl/F5HIKGJNRHHVS8I/M/b128-4e956.mp4
https://search.library.wisc.edu/digital/AC267ZHCIEU22Y87,TN009,No,None
https://search.library.wisc.edu/digital/AC27NUUEKFGDNY8X,AL023,No,None
https://search.library.wisc.edu/digital/AC2MTW4T6VCXU28H,TN056,No,None
https://search.library.wisc.edu/digital/AC2N5XQ3KYYGZD9B,NY109,Yes,https://asset.library.wisc.edu/1711.dl/SFUFYZRZWZDH68Y/M/b128-86258.mp4
https://search.library.wisc.edu/digital/AC2OSUXY34D6ZQ8X,IN012,Yes,https://asset.library.wisc.edu/1711.dl/4DSNMLIATTNEX82/M/b128-9d594.mp4
https://search.library.wisc.edu/digital/AC34UEAPBUNUUK9A,SC009,No,None
https://search.library.wisc.edu/digital/AC3AT3TW566EL28B,NY123,Yes,https://asset.library.wisc.edu/1711.dl/WKHVTCVCA3V3584/M/b128-2d96d.mp4
https://search.library.wisc.edu/digital/AC3EVGXDVP7Z2M9A,AK004,No,None
https://search.library.wisc.edu/digital/AC3MHOMBMUSVXL8G,GA093,Yes,https://asset.library.wisc.edu/1711.dl/FZ63MGZGBWLUV85/M/b128-6e81a.mp4
https://search.library.wisc.edu/digital/AC4KYKFOPLGVA584,WI047,Yes,https://asset.library.wisc.edu/1711.dl/WSYUEL2UW4CTO87/M/b128-d0b1d.mp4
https://search.library.wisc.edu/digital/AC4RBRUIOPPUKL9B,GA050,No,None
https://search.library.wisc.edu/digital/AC4TNYDHCDNILZ9E,TN035,Yes,https://asset.library.wisc.edu/1711.dl/T5YTOPTBKS5LZ8S/M/b128-8da74.mp4
https://search.library.wisc.edu/digital/AC5LI7IVLJHI348K,DC012,Yes,https://asset.library.wisc.edu/1711.dl/GDVOYWVTNAB2386/M/b128-99aaf.mp4
https://search.library.wisc.edu/digital/AC5YRGZXDO7N7T8Y,ND002,No,None
https://search.library.wisc.edu/digital/AC5ZYDIIQTZJJQ8T,IL143,Yes,https://asset.library.wisc.edu/1711.dl/BI6GWBWKRILPA8Q/M/b128-f88b1.mp4
https://search.library.wisc.edu/digital/AC6BB7EEDQV33I8K,NY203,Yes,https://asset.library.wisc.edu/1711.dl/FNLIYHELPK7X68Z/M/b128-b6d60.mp4
https://search.library.wisc.edu/digital/AC6YWWD5MXB45E8U,GA023,Yes,https://asset.library.wisc.edu/1711.dl/WJUHAMHNUJ2FG8L/M/b128-30eca.mp4
https://search.library.wisc.edu/digital/AC7DO5LNYA3MIC8A,CA103,Yes,https://asset.library.wisc.edu/1711.dl/5HZFJB7Y3RFIK9C/M/b128-2046d.mp4
https://search.library.wisc.edu/digital/ACA2IEWAE5XVVF8D,CA182,Yes,https://asset.library.wisc.edu/1711.dl/XS437VE3LD4JG86/M/b128-dde5e.mp4
https://search.library.wisc.edu/digital/ACAK6PMBIV3M5J8U,IA010,No,None
https://search.library.wisc.edu/digital/ADIFOHQPMU5GRU8Q,PA184,Yes,https://asset.library.wisc.edu/1711.dl/VWK3ARBJB7PYN86/M/b128-33cff.mp4
https://search.library.wisc.edu/digital/ADIIBDBI2BGX448W,OH059,Yes,https://asset.library.wisc.edu/1711.dl/JI2GIFQPXSTET8Z/M/b128-552ce.mp4
https://search.library.wisc.edu/digital/ADIVZYQ3O2VWND82,MS071,Yes,https://asset.library.wisc.edu/1711.dl/GQCBG56FFZHCL8F/M/b128-10c4f.mp4
https://search.library.wisc.edu/digital/ADJBOSKMXMJS4V8X,NY144,Yes,https://asset.library.wisc.edu/1711.dl/FIFWLWKIUVNI79C/M/b128-203ac.mp4
https://search.library.wisc.edu/digital/ADK7PQZVTMAX6E9D,NY004,Yes,https://asset.library.wisc.edu/1711.dl/PUVBE2TAAXLP58H/M/b128-630e7.mp4
https://search.library.wisc.edu/digital/ADLDSPTEAY74JF9D,CA165,Yes,https://asset.library.wisc.edu/1711.dl/QID5OPDE5WEVX8D/M/b128-0db5e.mp4
https://search.library.wisc.edu/digital/ADM47BWMEV4FQO8R,IN013,Yes,https://asset.library.wisc.edu/1711.dl/VN2NKG6YVAELE8J/M/b128-4a79e.mp4
https://search.library.wisc.edu/digital/ADMSBZOFH2KVVU8T,NY101,Yes,https://asset.library.wisc.edu/1711.dl/HNGDNHSRN3UU68E/M/b128-db5bc.mp4
https://search.library.wisc.edu/digital/ADMVQUL2WBEHC48I,NC001,Yes,https://asset.library.wisc.edu/1711.dl/DHY5LC6LQTDN583/M/b128-70748.mp4
https://search.library.wisc.edu/digital/ADMYGAN6XDTZY38Y,IL014,Yes,https://asset.library.wisc.edu/1711.dl/RVMMFQCYDIYF387/M/b128-70182.mp4
https://search.library.wisc.edu/digital/ADO75K72EXSTMO8V,WA013,Yes,https://asset.library.wisc.edu/1711.dl/UKLO73ITKJQIR9A/M/b128-97a23.mp4
https://search.library.wisc.edu/digital/ADOAN6EIDYLVGL9E,PA060,Yes,https://asset.library.wisc.edu/1711.dl/6HAYHQIUSPB7R9C/M/b128-a6c53.mp4
https://search.library.wisc.edu/digital/ADOE4O3H7OA56L8E,PA135,Yes,https://asset.library.wisc.edu/1711.dl/DFIN5UPOAE7KD8B/M/b128-e6b05.mp4
https://search.library.wisc.edu/digital/ADOTVTCREIW4KB8Q,CT021,Yes,https://asset.library.wisc.edu/1711.dl/RXQI4LWWGIA578K/M/b128-6f719.mp4
https://search.library.wisc.edu/digital/ADQ5PB2RUQEPBH8B,NJ026,Yes,https://asset.library.wisc.edu/1711.dl/4XGB6HQWCDE329D/M/b128-140e1.mp4
https://search.library.wisc.edu/digital/ADQ7HQI3QVVEN39C,OK057,Yes,https://asset.library.wisc.edu/1711.dl/2EPEAKPII3ZHG86/M/b128-6b10c.mp4
https://search.library.wisc.edu/digital/ADRMB5ET5Q5RCQ8V,MI009,Yes,https://asset.library.wisc.edu/1711.dl/HNKF3KEPCLK7G8E/M/b128-94866.mp4
https://search.library.wisc.edu/digital/ACURQF6IMTXMOR86,LA001,Yes,https://asset.library.wisc.edu/1711.dl/UVWRDBIWBSDIM9D/M/b128-b5708.mp4
https://search.library.wisc.edu/digital/ACUZYE7OKMBPYI8O,MI067,Yes,https://asset.library.wisc.edu/1711.dl/HI2ZEPQCLACJI9A/M/b128-2183c.mp4
https://search.library.wisc.edu/digital/ACV6U5TKWGRN268M,KS020,Yes,https://asset.library.wisc.edu/1711.dl/E2YCQH62HHVZ78E/M/b128-62248.mp4
https://search.library.wisc.edu/digital/ACVL256HUFGLAW8G,NY044,Yes,https://asset.library.wisc.edu/1711.dl/3DP3NLYRDOG4U8H/M/b128-48fe0.mp4
https://search.library.wisc.edu/digital/ACVXBTA3S65KH49D,NY041,Yes,https://asset.library.wisc.edu/1711.dl/FKNMOTLBCQQGC8T/M/b128-0f57a.mp4
https://search.library.wisc.edu/digital/ACW66W6PAFRRCH8V,OH031,Yes,https://asset.library.wisc.edu/1711.dl/DNTNV3MLKD5CR8D/M/b128-ba12d.mp4
https://search.library.wisc.edu/digital/ACWF3WUHRYILFB8B,TN022,Yes,https://asset.library.wisc.edu/1711.dl/WKULNXJNSRTQZ8U/M/b128-39e76.mp4
https://search.library.wisc.edu/digital/ACWYSERAUWYHR38Z,IA038,Yes,https://asset.library.wisc.edu/1711.dl/ADJWG4RTVTDLA8Y/M/b128-ca61f.mp4
https://search.library.wisc.edu/digital/ACZ65U6J5PCTK78S,MO022,Yes,https://asset.library.wisc.edu/1711.dl/AXQPVZIYGPR7D8Q/M/b128-20855.mp4
https://search.library.wisc.edu/digital/AD22MYCHEPUBQA8H,AL028,No,None
https://search.library.wisc.edu/digital/AD2B4UTOVQZ6IY8G,OH020,Yes,https://asset.library.wisc.edu/1711.dl/HP25MC4ZZ45GB8R/M/b128-fe4ec.mp4
https://search.library.wisc.edu/digital/AD2UFCRWTBELVZ8F,PA115,Yes,https://asset.library.wisc.edu/1711.dl/ZV7762EPG6XFG8D/M/b128-43639.mp4
https://search.library.wisc.edu/digital/AD4JWFVNMSGECK8H,SC012,Yes,https://asset.library.wisc.edu/1711.dl/3FI4ZQE4IKEVN8Z/M/b128-9eff3.mp4
https://search.library.wisc.edu/digital/AD4PFXD2A4LPBR8P,CA003,Yes,https://asset.library.wisc.edu/1711.dl/3AO6IIQRBCNYO8U/M/b128-a8d00.mp4
https://search.library.wisc.edu/digital/AD67EERVFMYJIU82,MA059,Yes,https://asset.library.wisc.edu/1711.dl/KLZJPALR64ISX86/M/b128-50ffe.mp4
https://search.library.wisc.edu/digital/ABNZOH5I4VFBIM8C,IL069,Yes,https://asset.library.wisc.edu/1711.dl/RDEE66NFVA5UD8E/M/b128-66a31.mp4
https://search.library.wisc.edu/digital/ABODBPXGEXXEMN8N,AZ004,Yes,https://asset.library.wisc.edu/1711.dl/WZZ5KSHYXMJRO87/M/b128-60fb0.mp4
https://search.library.wisc.edu/digital/ABQSQZWITICO2P8A,FL003,Yes,https://asset.library.wisc.edu/1711.dl/INM5JMGVBJS2K87/M/b128-09efd.mp4
https://search.library.wisc.edu/digital/ABQTTAT6PEW4QR9B,IA009,Yes,https://asset.library.wisc.edu/1711.dl/ITA4MRIZG4AUW86/M/b128-671fd.mp4
https://search.library.wisc.edu/digital/ABR7TJAO3M4GHE8G,WV013,Yes,https://asset.library.wisc.edu/1711.dl/QCMAQYRN4CZRI82/M/b128-26b60.mp4
https://search.library.wisc.edu/digital/ABRAFY6SETOE558C,AZ013,Yes,https://asset.library.wisc.edu/1711.dl/TTPJU2QYSZY6E8K/M/b128-4fc07.mp4
https://search.library.wisc.edu/digital/ABUTAEGR32VRRL8Y,SC013,No,None
https://search.library.wisc.edu/digital/ABUVHC7F4DSIST8N,MA100,No,None
https://search.library.wisc.edu/digital/ABV6IS6MTRPQGI87,VA055,No,None
https://search.library.wisc.edu/digital/ACLQERSVCV4KAN8I,NJ068,Yes,https://asset.library.wisc.edu/1711.dl/53RZWMENKBZRR8Q/M/b128-b01a3.mp4
https://search.library.wisc.edu/digital/ACLQOUHFZY4PVU8N,WI052,Yes,https://asset.library.wisc.edu/1711.dl/Z7NY5QQFGLANT9D/M/b128-eeba1.mp4
https://search.library.wisc.edu/digital/ACM2QO44I3K4IG8L,SC042,Yes,https://asset.library.wisc.edu/1711.dl/3AP4APCP342KX8I/M/b128-46c61.mp4
https://search.library.wisc.edu/digital/ACM3XWJONX7XCH8H,GA015,Yes,https://asset.library.wisc.edu/1711.dl/ZPYXOQBMSWTSZ85/M/b128-1e322.mp4
https://search.library.wisc.edu/digital/ACMBAHBWNG2JUK8B,IL102,Yes,https://asset.library.wisc.edu/1711.dl/XQKPK5BOYEGAZ8Z/M/b128-355c8.mp4
https://search.library.wisc.edu/digital/ACMEXIG2LUBTFS8W,IL048,Yes,https://asset.library.wisc.edu/1711.dl/SOB4QUVTBYH4G87/M/b128-674f4.mp4
https://search.library.wisc.edu/digital/ACN5PVK6ILOTNA9C,CA134,Yes,https://asset.library.wisc.edu/1711.dl/V75G5R2KF2NJP8L/M/b128-80ecc.mp4
https://search.library.wisc.edu/digital/ACNAG2KKVPPUFV8X,CA183,Yes,https://asset.library.wisc.edu/1711.dl/FKIKQVRGBHHCT8B/M/b128-5531a.mp4
https://search.library.wisc.edu/digital/ACNMWKFI5XVRK48R,IL077,Yes,https://asset.library.wisc.edu/1711.dl/WHAFTDN5E2GUZ8N/M/b128-6910c.mp4
https://search.library.wisc.edu/digital/ACOKR5FKOEOEPD9E,KS003,Yes,https://asset.library.wisc.edu/1711.dl/MOKUQEXSAFCA58J/M/b128-09d29.mp4
https://search.library.wisc.edu/digital/ACPJIXD6JVJKDB8T,TN057,No,None
https://search.library.wisc.edu/digital/ACQ2DD4XG32HO28L,PA180,Yes,https://asset.library.wisc.edu/1711.dl/EYPJTGZVZDOOP8K/M/b128-06241.mp4
https://search.library.wisc.edu/digital/ACQ6FLZBTUIVFV8A,IA044,No,None
https://search.library.wisc.edu/digital/ACR4MNDVQLPNGJ9C,MI033,Yes,https://asset.library.wisc.edu/1711.dl/HFC73YASWXXLE85/M/b128-76b87.mp4
https://search.library.wisc.edu/digital/ACR7PG7VHBE6KS8J,PA148,Yes,https://asset.library.wisc.edu/1711.dl/YHVSTKNPDCVX583/M/b128-0509b.mp4
https://search.library.wisc.edu/digital/ACRBKXKXATFTAW8V,ME001,No,None
https://search.library.wisc.edu/digital/ACRKWYYD66FNTX8E,PA096,Yes,https://asset.library.wisc.edu/1711.dl/CNGC7XOT7RMGZ8V/M/b128-bb69a.mp4
https://search.library.wisc.edu/digital/ACRT3NRB5PZ3SE8D,AR056,Yes,https://asset.library.wisc.edu/1711.dl/CFG6MX3IGP6ZJ9D/M/b128-c0996.mp4
https://search.library.wisc.edu/digital/ACSI7TGS2XQ4ID8S,KS008,Yes,https://asset.library.wisc.edu/1711.dl/C2NYGVHLIE7MF9C/M/b128-fedfa.mp4
https://search.library.wisc.edu/digital/ACTEKBIASVIZKA84,LA016,Yes,https://asset.library.wisc.edu/1711.dl/7LLRBQQVWOAN782/M/b128-e4836.mp4
https://search.library.wisc.edu/digital/ACUM4MMDGKZD5D8E,NC074,Yes,https://asset.library.wisc.edu/1711.dl/DSNOGIFXGBSR58Q/M/b128-34b15.mp4
https://search.library.wisc.edu/digital/ACUMAGBANGUFRL8X,MI003,Yes,https://asset.library.wisc.edu/1711.dl/KKMH2CR5ONEEC9E/M/b128-6c4cf.mp4
https://search.library.wisc.edu/digital/ACUNQ36V2DUWDU82,SC066,Yes,https://asset.library.wisc.edu/1711.dl/6IHTFDZOKUMUB8B/M/b128-638fc.mp4
https://search.library.wisc.edu/digital/AD6NDYUUSPB5XJ8P,NC085,Yes,https://asset.library.wisc.edu/1711.dl/IV3YURDZIUCAU8U/M/b128-b56a9.mp4
https://search.library.wisc.edu/digital/AD6TNPVFWE5LOB84,IN061,Yes,https://asset.library.wisc.edu/1711.dl/R2DETKXOQPEUQ8N/M/b128-08164.mp4
https://search.library.wisc.edu/digital/ADAW5VGG7R6D5M8P,AL018,Yes,https://asset.library.wisc.edu/1711.dl/C2AO3BGL3SO3L8T/M/b128-8e069.mp4
https://search.library.wisc.edu/digital/ADBJLRBP54KQ6W8N,NM013,No,None
https://search.library.wisc.edu/digital/ADBXASEJ4SXM2P82,NY032,Yes,https://asset.library.wisc.edu/1711.dl/XN7CDLPI33Y5N85/M/b128-a9338.mp4
https://search.library.wisc.edu/digital/ADBZRF45O24CPW86,CA170,Yes,https://asset.library.wisc.edu/1711.dl/2I5BMDPAILZX28S/M/b128-a9f3b.mp4
https://search.library.wisc.edu/digital/ADCPUSIBWYARFW8S,MN012,Yes,https://asset.library.wisc.edu/1711.dl/4O56P6ITATWOF8W/M/b128-654a2.mp4
https://search.library.wisc.edu/digital/ADCRHBYMSFZW5D8S,LA002,No,None
https://search.library.wisc.edu/digital/ADEE3UZ3KBIOXD8Y,NY067,Yes,https://asset.library.wisc.edu/1711.dl/VKN6WKREZWWNA9A/M/b128-9771f.mp4
https://search.library.wisc.edu/digital/ADEELB7DHQEKSJ8A,CA208,Yes,https://asset.library.wisc.edu/1711.dl/YIOPR2XFZYVJ38A/M/b128-8ff83.mp4
https://search.library.wisc.edu/digital/ADF54OIEMKORAV9C,IL009,Yes,https://asset.library.wisc.edu/1711.dl/4CA3BU33B4MCW9A/M/b128-b7448.mp4
https://search.library.wisc.edu/digital/ADFB7HFCYNCGQC8S,VA093,Yes,https://asset.library.wisc.edu/1711.dl/7ST5224UNIMHZ85/M/b128-df086.mp4
https://search.library.wisc.edu/digital/ADFF2OVGZKWLPX8A,OH051,Yes,https://asset.library.wisc.edu/1711.dl/EWBNQDRUVBNFB8H/M/b128-03bd4.mp4
https://search.library.wisc.edu/digital/ADG5AO4AT6UKZI9B,MI029,Yes,https://asset.library.wisc.edu/1711.dl/Z5NJCPZR7SZBW8K/M/b128-d3e66.mp4
https://search.library.wisc.edu/digital/ADG6BCFJXXYXWD86,CA179,Yes,https://asset.library.wisc.edu/1711.dl/4FGR3BTTXNWXJ8F/M/b128-70ed6.mp4
https://search.library.wisc.edu/digital/ADGPOTUISBAB378U,CA185,Yes,https://asset.library.wisc.edu/1711.dl/2XAX5TFZDNJ6A8Q/M/b128-1d49f.mp4
https://search.library.wisc.edu/digital/ADH5GJ7LIZ4JAT8T,LA003,Yes,https://asset.library.wisc.edu/1711.dl/73RYLWP5S53FU8M/M/b128-53507.mp4
https://search.library.wisc.edu/digital/AASMZGCBJ4BHOM87,MD039,Yes,https://asset.library.wisc.edu/1711.dl/PTOENLD7WJX2X9D/M/b128-f5fe4.mp4
https://search.library.wisc.edu/digital/AASOFQHZHCET4P84,NY046,Yes,https://asset.library.wisc.edu/1711.dl/E5PBFVL26MSJ283/M/b128-19edf.mp4
https://search.library.wisc.edu/digital/AASPQJSYAA7RGC8Z,MI065,Yes,https://asset.library.wisc.edu/1711.dl/2X32OKMVIQBTA8A/M/b128-b3831.mp4
https://search.library.wisc.edu/digital/AATPUZLQWNVX7N8Y,MS056,No,None
https://search.library.wisc.edu/digital/AATQAIGYBJF6EV8K,VA023,Yes,https://asset.library.wisc.edu/1711.dl/2G7IYS6R2UZSV8L/M/b128-8c35f.mp4
https://search.library.wisc.edu/digital/AATRFVGO2UILQX8W,PA062,No,None
https://search.library.wisc.edu/digital/AAU4L5LM55D4L28Z,CO033,No,None
https://search.library.wisc.edu/digital/AAU5YQSF46I4T49B,OH017,Yes,https://asset.library.wisc.edu/1711.dl/H7TRWCCYK24SU84/M/b128-d0c51.mp4
https://search.library.wisc.edu/digital/AAUHLG3SVWBPBV84,IL060,Yes,https://asset.library.wisc.edu/1711.dl/UV2IP2IGMJUZE8T/M/b128-f2e78.mp4
https://search.library.wisc.edu/digital/AAWBUKEYTAIYUX9D,KS014,Yes,https://asset.library.wisc.edu/1711.dl/2XR24YXSFHFVF8I/M/b128-0fc2f.mp4
https://search.library.wisc.edu/digital/AAWQ66RG7V75AA8S,NY202,Yes,https://asset.library.wisc.edu/1711.dl/3H7UJ6EXRGYAB87/M/b128-1c52c.mp4
https://search.library.wisc.edu/digital/AAWZCSWTQB5WLI8S,AL003,No,None
https://search.library.wisc.edu/digital/AAXFAYCDDQPX5F8O,NC051,No,None
https://search.library.wisc.edu/digital/AAZT7ROAAU5WES8Z,KS018,Yes,https://asset.library.wisc.edu/1711.dl/7AWP5WGH5DUQF8F/M/b128-8c016.mp4
https://search.library.wisc.edu/digital/AB2AREZFHIDNX48J,PA215,Yes,https://asset.library.wisc.edu/1711.dl/4P5JMQHD7XOKI8C/M/b128-4a680.mp4
https://search.library.wisc.edu/digital/AB2IWBTGLN2FMO8Z,PA142,Yes,https://asset.library.wisc.edu/1711.dl/L3YOMY5PB47TI8R/M/b128-da97a.mp4
https://search.library.wisc.edu/digital/AB2SJ7ARWHRH6Y8V,SC071,No,None
https://search.library.wisc.edu/digital/AB37LYO7LDGZA59C,MA050,Yes,https://asset.library.wisc.edu/1711.dl/SXDMJ5B455XAB8T/M/b128-35e6d.mp4
https://search.library.wisc.edu/digital/AB3DUCDP7BPLGY8F,CA184,Yes,https://asset.library.wisc.edu/1711.dl/XMLKGKSZTNB2K9A/M/b128-04c98.mp4
https://search.library.wisc.edu/digital/ACBBONMTHUOBL68V,MA034,Yes,https://asset.library.wisc.edu/1711.dl/JBGESPCC4BWZC8M/M/b128-e3537.mp4
https://search.library.wisc.edu/digital/ACBEEOFI2HQH2A8J,CA066,Yes,https://asset.library.wisc.edu/1711.dl/H3RD6UW3J4YMG8U/M/b128-58086.mp4
https://search.library.wisc.edu/digital/ACBGNI32I7IRJD87,IL145,Yes,https://asset.library.wisc.edu/1711.dl/MKP4DDSKPHMQ38N/M/b128-e1d2a.mp4
https://search.library.wisc.edu/digital/ACCP7HR2VGLLF382,DC002,Yes,https://asset.library.wisc.edu/1711.dl/BALEWAJE555BY8G/M/b128-4c673.mp4
https://search.library.wisc.edu/digital/ACD7ZLAVELZ2BM8R,KY084,Yes,https://asset.library.wisc.edu/1711.dl/4XMYR2CK7U4MR84/M/b128-53d3f.mp4
https://search.library.wisc.edu/digital/ACDLUYZNPZ3KJZ8M,OH016,No,None
https://search.library.wisc.edu/digital/ACDUFNTXX7SNAG9C,PA001,No,None
https://search.library.wisc.edu/digital/ACDYYTCOUO22EJ8J,PA006,No,None
https://search.library.wisc.edu/digital/ACE73AZ7EU6K758Z,CA174,Yes,https://asset.library.wisc.edu/1711.dl/MCFK7LV5FGUOZ8J/M/b128-566e1.mp4
https://search.library.wisc.edu/digital/ACEOC56MGWY4QL8H,AL030,Yes,https://asset.library.wisc.edu/1711.dl/4UNHGDCQRFBBZ8Z/M/b128-5a5e5.mp4
https://search.library.wisc.edu/digital/ACF2ZIY24GOEAK8B,VA012,Yes,https://asset.library.wisc.edu/1711.dl/3MWJ3UDP4AVXA8N/M/b128-bbf26.mp4
https://search.library.wisc.edu/digital/ACG42YUSZ7VI7B84,CA204,Yes,https://asset.library.wisc.edu/1711.dl/XM4KRZARMMZR78Y/M/b128-9b631.mp4
https://search.library.wisc.edu/digital/ACG57TB7PBJGR38O,PA022,Yes,https://asset.library.wisc.edu/1711.dl/ZN7QRI7KLHTHN8L/M/b128-a7851.mp4
https://search.library.wisc.edu/digital/ACHTGGVUL6SV678B,MD001,Yes,https://asset.library.wisc.edu/1711.dl/D4JXOEK4MHY4X8P/M/b128-b4e40.mp4
https://search.library.wisc.edu/digital/ACJSLEF5O2ZD4V8S,OH039,Yes,https://asset.library.wisc.edu/1711.dl/4DW57CVUZYCYF8N/M/b128-f2d27.mp4
https://search.library.wisc.edu/digital/ACJV6LLS6H7TN585,NJ064,Yes,https://asset.library.wisc.edu/1711.dl/TYOZNIDIQM3ZG8O/M/b128-16cad.mp4
https://search.library.wisc.edu/digital/ACK5DI5VWFVL3D84,AZ009,Yes,https://asset.library.wisc.edu/1711.dl/E2FZU6KJKLGLS8E/M/b128-d6700.mp4
https://search.library.wisc.edu/digital/A6PB6CTPCUGTBZ86,PA084,No,None
https://search.library.wisc.edu/digital/A6Q4RZBI5TUBHE8E,NY064,Yes,https://asset.library.wisc.edu/1711.dl/HAZ6DFPNSKQIL8X/M/b128-88a0a.mp4
https://search.library.wisc.edu/digital/A6QKFJS2UBBCN38I,FL035,Yes,https://asset.library.wisc.edu/1711.dl/PQVSUPZMVB2AG8W/M/b128-cad0e.mp4
https://search.library.wisc.edu/digital/A6QZAWGVZK6BYW8O,AZ002,Yes,https://asset.library.wisc.edu/1711.dl/XPYAFKLI62PDR8I/M/b128-104a2.mp4
https://search.library.wisc.edu/digital/A6R3RRHCUSNSXU8X,NY242,Yes,https://asset.library.wisc.edu/1711.dl/VEXMGXET3UKNC8I/M/b128-a4f0e.mp4
https://search.library.wisc.edu/digital/A6RBVWUX6QCYLZ8C,OH024,Yes,https://asset.library.wisc.edu/1711.dl/6RPIAH3M2WBRM9D/M/b128-6c34f.mp4
https://search.library.wisc.edu/digital/A6RTRGG76BYZ778N,NJ007,Yes,https://asset.library.wisc.edu/1711.dl/W7XNE7DZ3EDLC9B/M/b128-7522c.mp4
https://search.library.wisc.edu/digital/A6S7VUNA4RETWB85,WI001,No,None
https://search.library.wisc.edu/digital/A6TDNQL7B4YHZH8R,WI040,Yes,https://asset.library.wisc.edu/1711.dl/IGLW4CMSTBZQ283/M/b128-b4d4c.mp4
https://search.library.wisc.edu/digital/A6TRBTQCZBH5G38R,NY107,Yes,https://asset.library.wisc.edu/1711.dl/R5MDHVC7UM45D8Y/M/b128-8a39a.mp4
https://search.library.wisc.edu/digital/A6USPBAOSH6CYY8K,MD017,Yes,https://asset.library.wisc.edu/1711.dl/MP76QHT62OWTI9B/M/b128-368d6.mp4
https://search.library.wisc.edu/digital/A6V3CA2IIDM4R38E,AL021,Yes,https://asset.library.wisc.edu/1711.dl/PKY5L3RUXG3BE8P/M/b128-9591c.mp4
https://search.library.wisc.edu/digital/A6VELLXP4R3XZA9D,TN021,No,None
https://search.library.wisc.edu/digital/A6W2IPR5EQJNVM8M,AL062,Yes,https://asset.library.wisc.edu/1711.dl/J6GM2XTHX3PSQ86/M/b128-ca6c1.mp4
https://search.library.wisc.edu/digital/APX7VW7VY4SQ2O8O,PA130,Yes,https://asset.library.wisc.edu/1711.dl/OK5DZW4ZBWCVC8U/M/b128-0b6dc.mp4
https://search.library.wisc.edu/digital/APXZSZMDE7RRSJ8V,IL142,Yes,https://asset.library.wisc.edu/1711.dl/GZGUKK6S3SPAM86/M/b128-23efd.mp4
https://search.library.wisc.edu/digital/APZKYIKUBYHXAI8J,OH033,Yes,https://asset.library.wisc.edu/1711.dl/S5MOQ6YYUL2W79B/M/b128-a2d70.mp4
https://search.library.wisc.edu/digital/AQ275IJNZBXJ4C86,SC003,Yes,https://asset.library.wisc.edu/1711.dl/TOZWOPUYCSACL87/M/b128-79f4b.mp4
https://search.library.wisc.edu/digital/AQ2RPBSUZ2E2MK8X,ND005,No,None
https://search.library.wisc.edu/digital/AQ2SHFXD5AR2RC87,NJ030,Yes,https://asset.library.wisc.edu/1711.dl/6GX5KIZGXUHTF86/M/b128-8ec31.mp4
https://search.library.wisc.edu/digital/AQ3K2MIJUWA6HV8O,SC024,Yes,https://asset.library.wisc.edu/1711.dl/LHY2JD2KJQPPL9C/M/b128-4defa.mp4
https://search.library.wisc.edu/digital/AQ3W7UBYVEQDU285,IL097,Yes,https://asset.library.wisc.edu/1711.dl/2YGYRZUJP73WI8G/M/b128-a451f.mp4
https://search.library.wisc.edu/digital/AQ4QD534H22N6R8W,UT004,Yes,https://asset.library.wisc.edu/1711.dl/BZRM5UUSR2GID8S/M/b128-a01a2.mp4
https://search.library.wisc.edu/digital/AQ4QR2TYK3AY3783,CT020,Yes,https://asset.library.wisc.edu/1711.dl/OW5PW4ZWMYVDZ9D/M/b128-f767b.mp4
https://search.library.wisc.edu/digital/AQ5THJTH24OOS68Z,FL021,No,None
https://search.library.wisc.edu/digital/AS3CMLS5OKQQES8R,FL040,Yes,https://asset.library.wisc.edu/1711.dl/NHVXDJFFVJ3FN8V/M/b128-f46e7.mp4
https://search.library.wisc.edu/digital/AS3FY3ELEPOOM48T,CO011,No,None
https://search.library.wisc.edu/digital/AS4BSPZGKZHDP78B,WI023,Yes,https://asset.library.wisc.edu/1711.dl/S2P47JRJQNZIJ8U/M/b128-3dc07.mp4
https://search.library.wisc.edu/digital/AS4S4ININXZVMY9C,NY183,Yes,https://asset.library.wisc.edu/1711.dl/4IJV23OC7ZIB78C/M/b128-74463.mp4
https://search.library.wisc.edu/digital/AS67P7WJ4YMAG48X,MD030,Yes,https://asset.library.wisc.edu/1711.dl/2DCVOZLXCBIEY8G/M/b128-a1fe0.mp4
https://search.library.wisc.edu/digital/AS6UVVXDWPB34J8D,LA012,Yes,https://asset.library.wisc.edu/1711.dl/SLURTNLDT46BX8R/M/b128-dd791.mp4
https://search.library.wisc.edu/digital/AS7EMOL7WOHREC8Q,IN030,Yes,https://asset.library.wisc.edu/1711.dl/4UUUQE5EECRRT8U/M/b128-f0449.mp4
https://search.library.wisc.edu/digital/AS7J3HTDY6BT4K8P,OH087,Yes,https://asset.library.wisc.edu/1711.dl/5UTWKTXHUWGHH8P/M/b128-32dbf.mp4
https://search.library.wisc.edu/digital/ASA7UQLUGMRWWI8H,FL032,No,None
https://search.library.wisc.edu/digital/ASATKST5WENBK58D,IA033,Yes,https://asset.library.wisc.edu/1711.dl/L7LNLBQP5UMAV8W/M/b128-0e9b7.mp4
https://search.library.wisc.edu/digital/ASBEJU3F7YZ4KL8W,PA216,Yes,https://asset.library.wisc.edu/1711.dl/OM36ZKDIBWMBQ8R/M/b128-192a4.mp4
https://search.library.wisc.edu/digital/ASBI2NV7O7LX6S8R,IN007,Yes,https://asset.library.wisc.edu/1711.dl/W5RC2YRBLU5JH8Z/M/b128-24d13.mp4
https://search.library.wisc.edu/digital/ASDOWISM5SWF3C9E,MD042,Yes,https://asset.library.wisc.edu/1711.dl/GWNAVTJPK3LM58N/M/b128-954d1.mp4
https://search.library.wisc.edu/digital/ASE3NSC3CYZNZK8Z,KY001,No,None
https://search.library.wisc.edu/digital/ARHJG4NKDW2LIV8K,OH041,Yes,https://asset.library.wisc.edu/1711.dl/P4ELGBVTXLFIB8S/M/b128-34e8e.mp4
https://search.library.wisc.edu/digital/ARHNOA5UHW7HFD9B,AL002,Yes,https://asset.library.wisc.edu/1711.dl/IUFGRY4JZXKQ685/M/b128-5d56e.mp4
https://search.library.wisc.edu/digital/ARHOFQFK3FRASR87,SC016,No,None
https://search.library.wisc.edu/digital/ARHQ7VFD4OVTAL8N,PA113,Yes,https://asset.library.wisc.edu/1711.dl/2ZSQFP3K3LR7M8S/M/b128-4ab2c.mp4
https://search.library.wisc.edu/digital/ARHXQHQ7HSSINM8P,NC023,Yes,https://asset.library.wisc.edu/1711.dl/OQQYDLRNUVA5Q9C/M/b128-bb599.mp4
https://search.library.wisc.edu/digital/ARI6QQQ4HFBXC48Q,NC031,Yes,https://asset.library.wisc.edu/1711.dl/XSWMIFJ3WDMS38G/M/b128-06e67.mp4
https://search.library.wisc.edu/digital/ARIUTTPN5S6OBN87,NC066,Yes,https://asset.library.wisc.edu/1711.dl/VLOOE7AOPE3WA8L/M/b128-bac42.mp4
https://search.library.wisc.edu/digital/ARIXQ2YAT3BAFL8M,TX053,Yes,https://asset.library.wisc.edu/1711.dl/U7LBFP7LTUSWM8L/M/b128-a5aee.mp4
https://search.library.wisc.edu/digital/ARIYBKAZ4N35EN8B,MA028,Yes,https://asset.library.wisc.edu/1711.dl/AGGNZOFCZKIEV8D/M/b128-f7ef0.mp4
https://search.library.wisc.edu/digital/ARIZOL3R4NHGP48E,NY035,Yes,https://asset.library.wisc.edu/1711.dl/S5G5JYDBZXYGP8I/M/b128-b4c10.mp4
https://search.library.wisc.edu/digital/ARKP2Y3PJQEWR39D,ME005,Yes,https://asset.library.wisc.edu/1711.dl/BSGT6BVISIOYH8P/M/b128-b9bda.mp4
https://search.library.wisc.edu/digital/ARL22USTO3DMT28R,MA022,Yes,https://asset.library.wisc.edu/1711.dl/PWULQHPR6IDFY8X/M/b128-7660d.mp4
https://search.library.wisc.edu/digital/ARLKDBBVZOB5W687,PA097,Yes,https://asset.library.wisc.edu/1711.dl/A5R7XZCXIJBR487/M/b128-7f9a9.mp4
https://search.library.wisc.edu/digital/ARM7GESW4N2VGU8N,CA211,Yes,https://asset.library.wisc.edu/1711.dl/ICISOQ5JKJWER8T/M/b128-a733c.mp4
https://search.library.wisc.edu/digital/ARMYISFYMTEUKF9D,NJ036,Yes,https://asset.library.wisc.edu/1711.dl/NHOLF3E3MRETR8U/M/b128-770e3.mp4
https://search.library.wisc.edu/digital/ARNABA2GZKOWLN9C,IL019,Yes,https://asset.library.wisc.edu/1711.dl/CMDU6G7SLD3NK8F/M/b128-de4de.mp4
https://search.library.wisc.edu/digital/ARNZEG7Z3OXKMF8K,MD029,Yes,https://asset.library.wisc.edu/1711.dl/ECMGJKCEW7QOZ83/M/b128-fba7a.mp4
https://search.library.wisc.edu/digital/AROGYI6UZARVAM8S,VA040,No,None
https://search.library.wisc.edu/digital/ARQ7G57GEJ5SLV84,MO026,Yes,https://asset.library.wisc.edu/1711.dl/EZNRWEOEBVIRP8V/M/b128-f2c9f.mp4
https://search.library.wisc.edu/digital/ARRASHKCCAAFLR83,AZ007,No,None
https://search.library.wisc.edu/digital/AQJMHGPTHN5AIT8K,CA053,Yes,https://asset.library.wisc.edu/1711.dl/A72WGR3RTYAIH8Z/M/b128-cff2f.mp4
https://search.library.wisc.edu/digital/AQKEL2D5SOWMTW8Z,FL019,Yes,https://asset.library.wisc.edu/1711.dl/VSWIBQADWYZOE85/M/b128-7f38a.mp4
https://search.library.wisc.edu/digital/AQKGC7AXOGPMRV8I,LA042,No,None
https://search.library.wisc.edu/digital/AQKJHHNBZ6ZS468F,NJ041,No,None
https://search.library.wisc.edu/digital/AQL5HP7KGHQF5S8X,LA020,Yes,https://asset.library.wisc.edu/1711.dl/QYTYC3BKFOQYD8R/M/b128-93110.mp4
https://search.library.wisc.edu/digital/AQLEIQJA7XFMJY8P,WV005,No,None
https://search.library.wisc.edu/digital/AQLO4WUQEA2XWW8B,MD048,Yes,https://asset.library.wisc.edu/1711.dl/I4O45O66A3WHD8P/M/b128-ef7d9.mp4
https://search.library.wisc.edu/digital/AQLUGRUW3RJTW28M,NY049,Yes,https://asset.library.wisc.edu/1711.dl/VDVPAUA4PXBMX8S/M/b128-5dd76.mp4
https://search.library.wisc.edu/digital/AQNJTLQ3NOAQ4J8M,NJ017,Yes,https://asset.library.wisc.edu/1711.dl/CZSMWIZUSNOIO8C/M/b128-12adf.mp4
https://search.library.wisc.edu/digital/AQNRMUCGDO6DCZ8R,IL133,Yes,https://asset.library.wisc.edu/1711.dl/U5YJ7DZ6W3FFS8A/M/b128-28a83.mp4
https://search.library.wisc.edu/digital/AQP6DNOARM5DJP8U,MA009,Yes,https://asset.library.wisc.edu/1711.dl/PF3JWMJ5XSHR29C/M/b128-02ddf.mp4
https://search.library.wisc.edu/digital/AQPD6BLRAWDNNS8Q,MI043,Yes,https://asset.library.wisc.edu/1711.dl/L7ZF63EKCZELN8R/M/b128-8c0e4.mp4
https://search.library.wisc.edu/digital/AQPGQOJPC6J6BC84,PA024,Yes,https://asset.library.wisc.edu/1711.dl/A2Z3XMG73XXXN9B/M/b128-ad73c.mp4
https://search.library.wisc.edu/digital/AQPRGYONL6JSTA9A,FL009,Yes,https://asset.library.wisc.edu/1711.dl/L5KEP27JQZ6CP8Y/M/b128-6fc8a.mp4
https://search.library.wisc.edu/digital/AQQ2WGNU4KQS7V8D,MI035,Yes,https://asset.library.wisc.edu/1711.dl/HU2W5UCMGNZAF8C/M/b128-88984.mp4
https://search.library.wisc.edu/digital/AQRDWWWI2QOTIX8Y,PA020,Yes,https://asset.library.wisc.edu/1711.dl/GEEY22IJK4BCZ8I/M/b128-f057b.mp4
https://search.library.wisc.edu/digital/AQROG2AJQDWQOV8G,SD004,No,None
https://search.library.wisc.edu/digital/AQRSULUERHZQEO8V,TN066,Yes,https://asset.library.wisc.edu/1711.dl/DUEZUUNEVYAUM84/M/b128-c75c9.mp4
https://search.library.wisc.edu/digital/AQSCWM2OG7YSF38I,IA001,No,None
https://search.library.wisc.edu/digital/AR5TQWBJZRRY668Z,VA033,Yes,https://asset.library.wisc.edu/1711.dl/7LY2Y6WLMEHP38K/M/b128-281ff.mp4
https://search.library.wisc.edu/digital/AR726TUANQ4ISR84,MI096,No,None
https://search.library.wisc.edu/digital/AR72AV4W6JGYGI9E,KY002A,No,None
https://search.library.wisc.edu/digital/AR75HDEVVXUSGH8V,WA024,Yes,https://asset.library.wisc.edu/1711.dl/S7VGWDPTCWAVB8T/M/b128-f1c36.mp4
https://search.library.wisc.edu/digital/ARA2DI77VNRJ7H8N,NY219,Yes,https://asset.library.wisc.edu/1711.dl/4BBHPVGGTN4329A/M/b128-f1e42.mp4
https://search.library.wisc.edu/digital/ARA2ZL4REV2ILX8U,OH040,Yes,https://asset.library.wisc.edu/1711.dl/VENBSBOB4E7DF8J/M/b128-53966.mp4
https://search.library.wisc.edu/digital/ARAILMD4DY4ZEY9C,NC018,Yes,https://asset.library.wisc.edu/1711.dl/5OGJCTGQEXX668J/M/b128-771b4.mp4
https://search.library.wisc.edu/digital/ARCHFKOVVAELUS9E,GA054,Yes,https://asset.library.wisc.edu/1711.dl/RS5B67FY3USKG85/M/b128-cd075.mp4
https://search.library.wisc.edu/digital/ARD2Y6SR5P2GZ69B,CA196,Yes,https://asset.library.wisc.edu/1711.dl/UQSBGBQPD7BFC9D/M/b128-d8e54.mp4
https://search.library.wisc.edu/digital/ARDT4SI54XHE7Z9E,IL005,Yes,https://asset.library.wisc.edu/1711.dl/4CFCZ4PCNUWQ79A/M/b128-12beb.mp4
https://search.library.wisc.edu/digital/ARDUSAWDC2OLUG83,NJ021,Yes,https://asset.library.wisc.edu/1711.dl/NDZMW7BXMUFY48Q/M/b128-fbfec.mp4
https://search.library.wisc.edu/digital/AREHGN6LYJ3ZVY9D,MA114,No,None
https://search.library.wisc.edu/digital/ARFF66NQKSUK228C,WV011,Yes,https://asset.library.wisc.edu/1711.dl/5PBQQAIRA7BVS8V/M/b128-8b8ca.mp4
https://search.library.wisc.edu/digital/ARFNSVYAHL6OM58A,WI049,Yes,https://asset.library.wisc.edu/1711.dl/E5N4GNRXIBEWT8D/M/b128-8cc5b.mp4
https://search.library.wisc.edu/digital/ARGES5OANQVI3Z8U,MA095,No,None
https://search.library.wisc.edu/digital/AQTNJ6X6FNEQMV8L,PA196,Yes,https://asset.library.wisc.edu/1711.dl/QERBTB6ZQKQ6L9B/M/b128-0b399.mp4
https://search.library.wisc.edu/digital/AQTQL55VRU7NMW9D,KY034,Yes,https://asset.library.wisc.edu/1711.dl/MAVLII4NKNTXH8I/M/b128-32c09.mp4
https://search.library.wisc.edu/digital/AQUOUUQE2W2IUP8A,IL036,Yes,https://asset.library.wisc.edu/1711.dl/4JNBJRD2KSHMW8V/M/b128-480b5.mp4
https://search.library.wisc.edu/digital/AQVKECB7TBBYK38W,PA164,Yes,https://asset.library.wisc.edu/1711.dl/DEBH5PWWS35H79A/M/b128-0f495.mp4
https://search.library.wisc.edu/digital/AQXPPRXZYAAMSH8M,NY244,No,None
https://search.library.wisc.edu/digital/AQYN33EH2QRLD48T,NY061,Yes,https://asset.library.wisc.edu/1711.dl/5N5KIGGG4UDVE83/M/b128-e11f3.mp4
https://search.library.wisc.edu/digital/AQYNW5ADDNONPY8P,OK006,No,None
https://search.library.wisc.edu/digital/AQYOYFGRLRCMU39C,FL014,Yes,https://asset.library.wisc.edu/1711.dl/536IOYMRGLTF486/M/b128-f94fd.mp4
https://search.library.wisc.edu/digital/AQYPV3CPJX32AR8V,ME025,No,None
https://search.library.wisc.edu/digital/AQZODMW7FGHKOT9C,PA031,Yes,https://asset.library.wisc.edu/1711.dl/ESGDGRJ66V7VH8E/M/b128-98ca9.mp4
https://search.library.wisc.edu/digital/AR2EGRIUTKDPNY8Z,NM008,Yes,https://asset.library.wisc.edu/1711.dl/G477QIRBZVJOW8F/M/b128-c1134.mp4
https://search.library.wisc.edu/digital/AR2TBNK72C7HHK8E,VT007,No,None
https://search.library.wisc.edu/digital/AR3PCCDKU5ACML83,GA021,No,None
https://search.library.wisc.edu/digital/AR4HCPMCPLNEIA8M,MA092,No,None
https://search.library.wisc.edu/digital/AR4YKN6KN366EJ8O,PA125,No,None
https://search.library.wisc.edu/digital/ASFID5FRJOUN658I,WI058,Yes,https://asset.library.wisc.edu/1711.dl/G3OGEVAVY7KCW8R/M/b128-d5437.mp4
https://search.library.wisc.edu/digital/ASFOWSBHWZLUAQ8V,WI011,Yes,https://asset.library.wisc.edu/1711.dl/GOEZ7WV3KDRPN8J/M/b128-47aba.mp4
https://search.library.wisc.edu/digital/ASGUIT3R2DDW4685,UT008,No,None
https://search.library.wisc.edu/digital/ASH4TI67XNRNNH8K,OH068,Yes,https://asset.library.wisc.edu/1711.dl/HERMPV45FZYSO9D/M/b128-8a902.mp4
